path_lengths,delta_t
1,7
1,7
1,7
1,7
1,7
1,7
1,7
1,7
1,7
1,7
1,7
1,7
1,7
1,7
1,7
1,7
1,7
1,7
1,7
1,7
1,7
1,7
1,7
1,7
1,7
1,7
1,7
1,7
1,7
1,7
1,7
1,7
1,7
1,7
1,7
1,7
1,7
1,7
1,7
1,7
1,7
1,7
1,7
1,7
1,7
1,7
1,7
1,7
1,7
1,7
1,7
1,7
1,7
1,7
1,7
1,7
1,7
1,7
1,7
1,7
1,7
1,7
1,7
1,7
1,7
1,7
1,7
1,7
1,7
1,7
1,7
1,7
1,7
1,7
1,7
1,7
1,7
1,7
1,7
1,7
1,7
1,7
1,7
1,7
1,7
1,7
1,7
1,7
1,7
1,7
1,7
1,7
1,7
1,7
1,7
1,7
1,7
1,7
1,7
1,7
1,7
1,7
1,7
1,7
1,7
1,7
1,7
1,7
1,7
1,7
1,7
1,7
1,7
1,7
1,7
1,7
1,7
1,7
1,7
1,7
1,7
1,7
1,7
1,7
1,7
1,7
1,7
1,7
1,7
1,7
1,7
1,7
1,7
1,7
1,7
1,7
1,7
1,7
1,7
1,7
1,7
1,7
1,7
1,7
1,7
1,7
1,7
1,7
1,7
1,7
1,7
1,7
1,7
1,7
1,7
1,7
1,7
1,7
1,7
1,7
1,7
1,7
1,7
1,7
1,7
1,7
1,7
1,7
1,7
1,7
1,7
1,7
1,7
1,7
1,7
1,7
1,7
1,7
1,7
1,7
1,7
1,7
1,7
1,7
1,7
1,7
1,7
1,7
1,7
1,7
1,7
1,7
1,7
1,7
1,7
1,7
1,7
1,7
1,7
1,7
1,7
1,7
1,7
1,7
1,7
1,7
1,7
1,7
1,7
1,7
1,7
1,7
1,7
1,7
1,7
1,7
1,7
1,7
1,7
1,7
1,7
1,7
1,7
1,7
1,7
1,7
1,7
1,7
1,7
1,7
1,7
1,7
1,7
1,7
1,7
1,7
1,7
1,7
1,7
1,7
1,7
1,7
1,7
1,7
1,7
1,7
1,7
1,7
1,7
1,7
1,7
1,7
1,7
1,7
1,7
1,7
1,7
1,7
1,7
1,7
1,7
1,7
1,7
1,7
1,7
1,7
1,7
1,7
1,7
1,7
1,7
1,7
1,7
1,7
1,7
1,7
1,7
1,7
1,7
1,7
1,7
1,7
1,7
1,7
1,7
1,7
1,7
1,7
1,7
1,7
1,7
1,7
1,7
1,7
1,7
1,7
1,7
1,7
1,7
1,7
1,7
1,7
1,7
1,7
1,7
1,7
1,7
1,7
1,7
1,7
1,7
1,7
1,7
1,7
1,7
1,7
1,7
1,7
1,7
1,7
1,7
1,7
1,7
1,7
1,7
1,7
1,7
1,7
1,7
1,7
1,7
1,7
1,7
1,7
1,7
1,7
1,7
1,7
1,7
1,7
1,7
1,7
1,7
1,7
1,7
1,7
1,7
1,7
1,7
1,7
1,7
1,7
1,7
1,7
1,7
1,7
1,7
1,7
1,7
1,7
1,7
1,7
1,7
1,7
1,7
1,7
1,7
1,7
1,7
1,7
1,7
1,7
1,7
1,7
1,7
1,7
1,7
1,7
1,7
1,7
1,7
1,7
1,7
1,7
1,7
1,7
1,7
1,7
1,7
1,7
1,7
1,7
1,7
1,7
1,7
1,7
1,7
1,7
1,7
1,7
1,7
1,7
1,7
1,7
1,7
1,7
1,7
1,7
1,7
1,7
1,7
1,7
1,7
1,7
1,7
1,7
1,7
1,7
1,7
1,7
1,7
1,7
1,7
1,7
1,7
1,7
1,7
1,7
1,7
1,7
1,7
1,7
1,7
1,7
1,7
1,7
1,7
1,7
1,7
1,7
1,7
1,7
1,7
1,7
1,7
1,7
1,7
1,7
1,7
1,7
1,7
1,7
1,7
1,7
1,7
1,7
1,7
1,7
1,7
1,7
1,7
1,7
1,7
1,7
1,7
1,7
1,7
1,7
1,7
1,7
1,7
1,7
1,7
1,7
1,7
1,7
1,7
1,7
1,7
1,7
1,7
1,7
1,7
1,7
1,7
1,7
1,7
1,7
1,7
1,7
1,7
1,7
1,7
1,7
1,7
1,7
1,7
1,7
1,7
1,7
1,7
1,7
1,7
1,7
1,7
1,7
1,7
1,7
1,7
1,7
1,7
1,7
1,7
1,7
1,7
1,7
1,7
1,7
1,7
1,7
1,7
1,7
1,7
1,7
1,7
1,7
1,7
1,7
1,7
1,7
1,7
1,7
1,7
1,7
1,7
1,7
1,7
1,7
1,7
1,7
1,7
1,7
1,7
1,7
1,7
1,7
1,7
1,7
1,7
1,7
1,7
1,7
1,7
1,7
1,7
1,7
1,7
1,7
1,7
1,7
1,7
1,7
1,7
1,7
1,7
1,7
1,7
1,7
1,7
1,7
1,7
1,7
1,7
1,7
1,7
1,7
1,7
1,7
1,7
1,7
1,7
1,7
1,7
1,7
1,7
1,7
1,7
1,7
1,7
1,7
1,7
1,7
1,7
1,7
1,7
1,7
1,7
1,7
1,7
1,7
1,7
1,7
1,7
1,7
1,7
1,7
1,7
1,7
1,7
1,7
1,7
1,7
1,7
1,7
1,7
1,7
1,7
1,7
1,7
1,7
1,7
1,7
1,7
1,7
1,7
1,7
1,7
1,7
1,7
1,7
1,7
1,7
1,7
1,7
1,7
1,7
1,7
1,7
1,7
1,7
1,7
1,7
1,7
1,7
1,7
1,7
1,7
1,7
1,7
1,7
1,7
1,7
1,7
1,7
1,7
1,7
1,7
1,7
1,7
1,7
1,7
1,7
1,7
1,7
1,7
1,7
1,7
1,7
1,7
1,7
1,7
1,7
1,7
1,7
1,7
1,7
1,7
1,7
1,7
1,7
1,7
1,7
1,7
1,7
1,7
1,7
1,7
1,7
1,7
1,7
1,7
1,7
1,7
1,7
1,7
1,7
1,7
1,7
1,7
1,7
1,7
1,7
1,7
1,7
1,7
1,7
1,7
1,7
1,7
1,7
1,7
1,7
1,7
1,7
1,7
1,7
1,7
1,7
1,7
1,7
1,7
1,7
1,7
1,7
1,7
1,7
1,7
1,7
1,7
1,7
1,7
1,7
1,7
1,7
1,7
1,7
1,7
1,7
1,7
1,7
1,7
1,7
1,7
1,7
1,7
1,7
1,7
1,7
1,7
1,7
1,7
1,7
1,7
1,7
1,7
1,7
1,7
1,7
1,7
1,7
1,7
1,7
1,7
1,7
1,7
1,7
1,7
1,7
1,7
1,7
1,7
1,7
1,7
1,7
1,7
1,7
1,7
1,7
1,7
1,7
1,7
1,7
1,7
1,7
1,7
1,7
1,7
1,7
1,7
1,7
1,7
1,7
1,7
1,7
1,7
1,7
1,7
1,7
1,7
1,7
1,7
1,7
1,7
1,7
1,7
1,7
1,7
1,7
1,7
1,7
1,7
1,7
1,7
1,7
1,7
1,7
1,7
1,7
1,7
1,7
1,7
1,7
1,7
1,7
1,7
1,7
1,7
1,7
1,7
1,7
1,7
1,7
1,7
1,7
1,7
1,7
1,7
1,7
1,7
1,7
1,7
1,7
1,7
1,7
1,7
1,7
1,7
1,7
1,7
1,7
1,7
1,7
1,7
1,7
1,7
1,7
1,7
1,7
1,7
1,7
1,7
1,7
1,7
1,7
1,7
1,7
1,7
1,7
1,7
1,7
1,7
1,7
1,7
1,7
1,7
1,7
1,7
1,7
1,7
1,7
1,7
1,7
1,7
1,7
1,7
1,7
1,7
1,7
1,7
1,7
1,7
1,7
1,7
1,7
1,7
1,7
1,7
1,7
1,7
1,7
1,7
1,7
1,7
1,7
1,7
1,7
1,7
1,7
1,7
1,7
1,7
1,7
1,7
1,7
1,7
1,7
1,7
1,7
1,7
1,7
1,7
1,7
1,7
1,7
1,7
1,7
1,7
1,7
1,7
1,7
1,7
1,7
1,7
1,7
1,7
1,7
1,7
1,7
1,7
1,7
1,7
1,7
1,7
1,7
1,7
1,7
1,7
1,7
1,7
1,7
1,7
1,7
1,7
1,7
1,7
1,7
1,7
1,7
1,7
1,7
1,7
1,7
1,7
1,7
1,7
1,7
1,7
1,7
1,7
1,7
1,7
1,7
1,7
1,7
1,7
1,7
1,7
1,7
1,7
1,7
1,7
1,7
1,7
1,7
1,7
1,7
1,7
1,7
1,7
1,7
1,7
1,7
1,7
1,7
1,7
1,7
1,7
1,7
1,7
1,7
1,7
1,7
1,7
1,7
1,7
1,7
1,7
1,7
1,7
1,7
1,7
1,7
1,7
1,7
1,7
1,7
1,7
1,7
1,7
1,7
1,7
1,7
1,7
1,7
1,7
1,7
1,7
1,7
1,7
1,7
1,7
1,7
1,7
1,7
1,7
1,7
1,7
1,7
1,7
1,7
1,7
1,7
1,7
1,7
1,7
1,7
1,7
1,7
1,7
1,7
1,7
1,7
1,7
1,7
1,7
1,7
1,7
1,7
1,7
1,7
1,7
1,7
1,7
1,7
1,7
1,7
1,7
1,7
1,7
1,7
1,7
1,7
1,7
1,7
1,7
1,7
1,7
1,7
1,7
1,7
1,7
1,7
1,7
1,7
1,7
1,7
1,7
1,7
1,7
1,7
1,7
1,7
1,7
1,7
1,7
1,7
1,7
1,7
1,7
1,7
1,7
1,7
1,7
1,7
1,7
1,7
1,7
1,7
1,7
1,7
1,7
1,7
1,7
1,7
1,7
1,7
1,7
1,7
1,7
1,7
1,7
1,7
1,7
1,7
1,7
1,7
1,7
1,7
1,7
1,7
1,7
1,7
1,7
1,7
1,7
1,7
1,7
1,7
1,7
1,7
1,7
1,7
1,7
1,7
1,7
1,7
1,7
1,7
1,7
1,7
1,7
1,7
1,7
1,7
1,7
1,7
1,7
1,7
1,7
1,7
1,7
1,7
1,7
1,7
1,7
1,7
1,7
1,7
1,7
1,7
1,7
1,7
1,7
1,7
1,7
1,7
1,7
1,7
1,7
1,7
1,7
1,7
1,7
1,7
1,7
1,7
1,7
1,7
1,7
1,7
1,7
1,7
1,7
1,7
1,7
1,7
1,7
1,7
1,7
1,7
1,7
1,7
1,7
1,7
1,7
1,7
1,7
1,7
1,7
1,7
1,7
1,7
1,7
1,7
1,7
1,7
1,7
1,7
1,7
1,7
1,7
1,7
1,7
1,7
1,7
1,7
1,7
1,7
1,7
1,7
1,7
1,7
1,7
1,7
1,7
1,7
1,7
1,7
1,7
1,7
1,7
1,7
1,7
1,7
1,7
1,7
1,7
1,7
1,7
1,7
1,7
1,7
1,7
1,7
1,7
1,7
1,7
1,7
1,7
1,7
1,7
1,7
1,7
1,7
1,7
1,7
1,7
1,7
1,7
1,7
1,7
1,7
1,7
1,7
1,7
1,7
1,7
1,7
1,7
1,7
1,7
1,7
1,7
1,7
1,7
1,7
1,7
1,7
1,7
1,7
1,7
1,7
1,7
1,7
1,7
1,7
1,7
1,7
1,7
1,7
1,7
1,7
1,7
1,7
1,7
1,7
1,7
1,7
1,7
1,7
1,7
1,7
1,7
1,7
1,7
1,7
1,7
1,7
1,7
1,7
1,7
1,7
1,7
1,7
1,7
1,7
1,7
1,7
1,7
1,7
1,7
1,7
1,7
1,7
1,7
1,7
1,7
1,7
1,7
1,7
1,7
1,7
1,7
1,7
1,7
1,7
1,7
1,7
1,7
1,7
1,7
1,7
1,7
1,7
1,7
1,7
1,7
1,7
1,7
1,7
1,7
1,7
1,7
1,7
1,7
1,7
1,7
1,7
1,7
1,7
1,7
1,7
1,7
1,7
1,7
1,7
1,7
1,7
1,7
1,7
1,7
1,7
1,7
1,7
1,7
1,7
1,7
1,7
1,7
1,7
1,7
1,7
1,7
1,7
1,7
1,7
1,7
1,7
1,7
1,7
1,7
1,7
1,7
1,7
1,7
1,7
1,7
1,7
1,7
1,7
1,7
1,7
1,7
1,7
1,7
1,7
1,7
1,7
1,7
1,7
1,7
1,7
1,7
1,7
1,7
1,7
1,7
1,7
1,7
1,7
1,7
1,7
1,7
1,7
1,7
1,7
1,7
1,7
1,7
1,7
1,7
1,7
1,7
1,7
1,7
1,7
1,7
1,7
1,7
1,7
1,7
1,7
1,7
1,7
1,7
1,7
1,7
1,7
1,7
1,7
1,7
1,7
1,7
1,7
1,7
1,7
1,7
1,7
1,7
1,7
1,7
1,7
1,7
1,7
1,7
1,7
1,7
1,7
1,7
1,7
1,7
1,7
1,7
1,7
1,7
1,7
1,7
1,7
1,7
1,7
1,7
1,7
1,7
1,7
1,7
1,7
1,7
1,7
1,7
1,7
1,7
1,7
1,7
1,7
1,7
1,7
1,7
1,7
1,7
1,7
1,7
1,7
1,7
1,7
1,7
1,7
1,7
1,7
1,7
1,7
1,7
1,7
1,7
1,7
1,7
1,7
1,7
1,7
1,7
1,7
1,7
1,7
1,7
1,7
1,7
1,7
1,7
1,7
1,7
1,7
1,7
1,7
1,7
1,7
1,7
1,7
1,7
1,7
1,7
1,7
1,7
1,7
1,7
1,7
1,7
1,7
1,7
1,7
1,7
1,7
1,7
1,7
1,7
1,7
1,7
1,7
1,7
1,7
1,7
1,7
1,7
1,7
1,7
1,7
1,7
1,7
1,7
1,7
1,7
1,7
1,7
1,7
1,7
1,7
1,7
1,7
1,7
1,7
1,7
1,7
1,7
1,7
1,7
1,7
1,7
1,7
1,7
1,7
1,7
1,7
1,7
1,7
1,7
1,7
1,7
1,7
1,7
1,7
1,7
1,7
1,7
1,7
1,7
1,7
1,7
1,7
1,7
1,7
1,7
1,7
1,7
1,7
1,7
1,7
1,7
1,7
1,7
1,7
1,7
1,7
1,7
1,7
1,7
1,7
1,7
1,7
1,7
1,7
1,7
1,7
1,7
1,7
1,7
1,7
1,7
1,7
1,7
1,7
1,7
1,7
1,7
1,7
1,7
1,7
1,7
1,7
1,7
1,7
1,7
1,7
1,7
1,7
1,7
1,7
1,7
1,7
1,7
1,7
1,7
1,7
1,7
1,7
1,7
1,7
1,7
1,7
1,7
1,7
1,7
1,7
1,7
1,7
1,7
1,7
1,7
1,7
1,7
1,7
1,7
1,7
1,7
1,7
1,7
1,7
1,7
1,7
1,7
1,7
1,7
1,7
1,7
1,7
1,7
1,7
1,7
1,7
1,7
1,7
1,7
1,7
1,7
1,7
1,7
1,7
1,7
1,7
1,7
1,7
1,7
1,7
1,7
1,7
1,7
1,7
1,7
1,7
1,7
1,7
1,7
1,7
1,7
1,7
1,7
1,7
1,7
1,7
1,7
1,7
1,7
1,7
1,7
1,7
1,7
1,7
1,7
1,7
1,7
1,7
1,7
1,7
1,7
1,7
1,7
1,7
1,7
1,7
1,7
1,7
1,7
1,7
1,7
1,7
1,7
1,7
1,7
1,7
1,7
1,7
1,7
1,7
1,7
1,7
1,7
1,7
1,7
1,7
1,7
1,7
1,7
1,7
1,7
1,7
1,7
1,7
1,7
1,7
1,7
1,7
1,7
1,7
1,7
1,7
1,7
1,7
1,7
1,7
1,7
1,7
1,7
1,7
1,7
1,7
1,7
1,7
1,7
1,7
1,7
1,7
1,7
1,7
1,7
1,7
1,7
1,7
1,7
1,7
1,7
1,7
1,7
1,7
1,7
1,7
1,7
1,7
1,7
1,7
1,7
1,7
1,7
1,7
1,7
1,7
1,7
1,7
1,7
1,7
1,7
1,7
1,7
1,7
1,7
1,7
1,7
1,7
1,7
1,7
1,7
1,7
1,7
1,7
1,7
1,7
1,7
1,7
1,7
1,7
1,7
1,7
1,7
1,7
1,7
1,7
1,7
1,7
1,7
1,7
1,7
1,7
1,7
1,7
1,7
1,7
1,7
1,7
1,7
1,7
1,7
1,7
1,7
1,7
1,7
1,7
1,7
1,7
1,7
1,7
1,7
1,7
2,7
2,7
2,7
2,7
2,7
2,7
2,7
2,7
2,7
2,7
2,7
2,7
2,7
2,7
2,7
2,7
2,7
2,7
2,7
2,7
2,7
2,7
2,7
2,7
2,7
2,7
2,7
2,7
2,7
2,7
2,7
2,7
2,7
2,7
2,7
2,7
2,7
2,7
2,7
2,7
2,7
2,7
2,7
2,7
2,7
2,7
2,7
2,7
2,7
2,7
2,7
2,7
2,7
2,7
2,7
2,7
2,7
2,7
2,7
2,7
2,7
2,7
2,7
2,7
2,7
2,7
2,7
2,7
2,7
2,7
2,7
2,7
2,7
2,7
2,7
2,7
2,7
2,7
2,7
2,7
2,7
2,7
2,7
2,7
2,7
2,7
2,7
2,7
2,7
2,7
2,7
2,7
2,7
2,7
2,7
2,7
2,7
2,7
2,7
2,7
2,7
2,7
2,7
2,7
2,7
2,7
2,7
2,7
2,7
2,7
2,7
2,7
2,7
2,7
2,7
2,7
2,7
2,7
2,7
2,7
2,7
2,7
2,7
2,7
2,7
2,7
2,7
2,7
2,7
2,7
2,7
2,7
2,7
2,7
2,7
2,7
2,7
2,7
2,7
2,7
2,7
2,7
2,7
2,7
2,7
2,7
2,7
2,7
2,7
2,7
2,7
2,7
2,7
2,7
2,7
2,7
2,7
2,7
2,7
2,7
2,7
2,7
2,7
2,7
2,7
2,7
2,7
2,7
2,7
2,7
2,7
2,7
2,7
2,7
2,7
2,7
2,7
2,7
2,7
2,7
2,7
2,7
2,7
2,7
2,7
2,7
2,7
2,7
2,7
3,7
3,7
3,7
3,7
3,7
3,7
3,7
3,7
3,7
3,7
3,7
4,7
4,7
4,7
4,7
4,7
1,14
1,14
1,14
1,14
1,14
1,14
1,14
1,14
1,14
1,14
1,14
1,14
1,14
1,14
1,14
1,14
1,14
1,14
1,14
1,14
1,14
1,14
1,14
1,14
1,14
1,14
1,14
1,14
1,14
1,14
1,14
1,14
1,14
1,14
1,14
1,14
1,14
1,14
1,14
1,14
1,14
1,14
1,14
1,14
1,14
1,14
1,14
1,14
1,14
1,14
1,14
1,14
1,14
1,14
1,14
1,14
1,14
1,14
1,14
1,14
1,14
1,14
1,14
1,14
1,14
1,14
1,14
1,14
1,14
1,14
1,14
1,14
1,14
1,14
1,14
1,14
1,14
1,14
1,14
1,14
1,14
1,14
1,14
1,14
1,14
1,14
1,14
1,14
1,14
1,14
1,14
1,14
1,14
1,14
1,14
1,14
1,14
1,14
1,14
1,14
1,14
1,14
1,14
1,14
1,14
1,14
1,14
1,14
1,14
1,14
1,14
1,14
1,14
1,14
1,14
1,14
1,14
1,14
1,14
1,14
1,14
1,14
1,14
1,14
1,14
1,14
1,14
1,14
1,14
1,14
1,14
1,14
1,14
1,14
1,14
1,14
1,14
1,14
1,14
1,14
1,14
1,14
1,14
1,14
1,14
1,14
1,14
1,14
1,14
1,14
1,14
1,14
1,14
1,14
1,14
1,14
1,14
1,14
1,14
1,14
1,14
1,14
1,14
1,14
1,14
1,14
1,14
1,14
1,14
1,14
1,14
1,14
1,14
1,14
1,14
1,14
1,14
1,14
1,14
1,14
1,14
1,14
1,14
1,14
1,14
1,14
1,14
1,14
1,14
1,14
1,14
1,14
1,14
1,14
1,14
1,14
1,14
1,14
1,14
1,14
1,14
1,14
1,14
1,14
1,14
1,14
1,14
1,14
1,14
1,14
1,14
1,14
1,14
1,14
1,14
1,14
1,14
1,14
1,14
1,14
1,14
1,14
1,14
1,14
1,14
1,14
1,14
1,14
1,14
1,14
1,14
1,14
1,14
1,14
1,14
1,14
1,14
1,14
1,14
1,14
1,14
1,14
1,14
1,14
1,14
1,14
1,14
1,14
1,14
1,14
1,14
1,14
1,14
1,14
1,14
1,14
1,14
1,14
1,14
1,14
1,14
1,14
1,14
1,14
1,14
1,14
1,14
1,14
1,14
1,14
1,14
1,14
1,14
1,14
1,14
1,14
1,14
1,14
1,14
1,14
1,14
1,14
1,14
1,14
1,14
1,14
1,14
1,14
1,14
1,14
1,14
1,14
1,14
1,14
1,14
1,14
1,14
1,14
1,14
1,14
1,14
1,14
1,14
1,14
1,14
1,14
1,14
1,14
1,14
1,14
1,14
1,14
1,14
1,14
1,14
1,14
1,14
1,14
1,14
1,14
1,14
1,14
1,14
1,14
1,14
1,14
1,14
1,14
1,14
1,14
1,14
1,14
1,14
1,14
1,14
1,14
1,14
1,14
1,14
1,14
1,14
1,14
1,14
1,14
1,14
1,14
1,14
1,14
1,14
1,14
1,14
1,14
1,14
1,14
1,14
1,14
1,14
1,14
1,14
1,14
1,14
1,14
1,14
1,14
1,14
1,14
1,14
1,14
1,14
1,14
1,14
1,14
1,14
1,14
1,14
1,14
1,14
1,14
1,14
1,14
1,14
1,14
1,14
1,14
1,14
1,14
1,14
1,14
1,14
1,14
1,14
1,14
1,14
1,14
1,14
1,14
1,14
1,14
1,14
1,14
1,14
1,14
1,14
1,14
1,14
1,14
1,14
1,14
1,14
1,14
1,14
1,14
1,14
1,14
1,14
1,14
1,14
1,14
1,14
1,14
1,14
1,14
1,14
1,14
1,14
1,14
1,14
1,14
1,14
1,14
1,14
1,14
1,14
1,14
1,14
1,14
1,14
1,14
1,14
1,14
1,14
1,14
1,14
1,14
1,14
1,14
1,14
1,14
1,14
1,14
1,14
1,14
1,14
1,14
1,14
1,14
1,14
1,14
1,14
1,14
1,14
1,14
1,14
1,14
1,14
1,14
1,14
1,14
1,14
1,14
1,14
1,14
1,14
1,14
1,14
1,14
1,14
1,14
1,14
1,14
1,14
1,14
1,14
1,14
1,14
1,14
1,14
1,14
1,14
1,14
1,14
1,14
1,14
1,14
1,14
1,14
1,14
1,14
1,14
1,14
1,14
1,14
1,14
1,14
1,14
1,14
1,14
1,14
1,14
1,14
1,14
1,14
1,14
1,14
1,14
1,14
1,14
1,14
1,14
1,14
1,14
1,14
1,14
1,14
1,14
1,14
1,14
1,14
1,14
1,14
1,14
1,14
1,14
1,14
1,14
1,14
1,14
1,14
1,14
1,14
1,14
1,14
1,14
1,14
1,14
1,14
1,14
1,14
1,14
1,14
1,14
1,14
1,14
1,14
1,14
1,14
1,14
1,14
1,14
1,14
1,14
1,14
1,14
1,14
1,14
1,14
1,14
1,14
1,14
1,14
1,14
1,14
1,14
1,14
1,14
1,14
1,14
1,14
1,14
1,14
1,14
1,14
1,14
1,14
1,14
1,14
1,14
1,14
1,14
1,14
1,14
1,14
1,14
1,14
1,14
1,14
1,14
1,14
1,14
1,14
1,14
1,14
1,14
1,14
1,14
1,14
1,14
1,14
1,14
1,14
1,14
1,14
1,14
1,14
1,14
1,14
1,14
1,14
1,14
1,14
1,14
1,14
1,14
1,14
1,14
1,14
1,14
1,14
1,14
1,14
1,14
1,14
1,14
1,14
1,14
1,14
1,14
1,14
1,14
1,14
1,14
1,14
1,14
1,14
1,14
1,14
1,14
1,14
1,14
1,14
1,14
1,14
1,14
1,14
1,14
1,14
1,14
1,14
1,14
1,14
1,14
1,14
1,14
1,14
1,14
1,14
1,14
1,14
1,14
1,14
1,14
1,14
1,14
1,14
1,14
1,14
1,14
1,14
1,14
1,14
1,14
1,14
1,14
1,14
1,14
1,14
1,14
1,14
1,14
1,14
1,14
1,14
1,14
1,14
1,14
1,14
1,14
1,14
1,14
1,14
1,14
1,14
1,14
1,14
1,14
1,14
1,14
1,14
1,14
1,14
1,14
1,14
1,14
1,14
1,14
1,14
1,14
1,14
1,14
1,14
1,14
1,14
1,14
1,14
1,14
1,14
1,14
1,14
1,14
1,14
1,14
1,14
1,14
1,14
1,14
1,14
1,14
1,14
1,14
1,14
1,14
1,14
1,14
1,14
1,14
1,14
1,14
1,14
1,14
1,14
1,14
1,14
1,14
1,14
1,14
1,14
1,14
1,14
1,14
1,14
1,14
1,14
1,14
1,14
1,14
1,14
1,14
1,14
1,14
1,14
1,14
1,14
1,14
1,14
1,14
1,14
1,14
1,14
1,14
1,14
1,14
1,14
1,14
1,14
1,14
1,14
1,14
1,14
1,14
1,14
1,14
1,14
1,14
1,14
1,14
1,14
1,14
1,14
1,14
1,14
1,14
1,14
1,14
1,14
1,14
1,14
1,14
1,14
1,14
1,14
1,14
1,14
1,14
1,14
1,14
1,14
1,14
1,14
1,14
1,14
1,14
1,14
1,14
1,14
1,14
1,14
1,14
1,14
1,14
1,14
1,14
1,14
1,14
1,14
1,14
1,14
1,14
1,14
1,14
1,14
1,14
1,14
1,14
1,14
1,14
1,14
1,14
1,14
1,14
1,14
1,14
1,14
1,14
1,14
1,14
1,14
1,14
1,14
1,14
1,14
1,14
1,14
1,14
1,14
1,14
1,14
1,14
1,14
1,14
1,14
1,14
1,14
1,14
1,14
1,14
1,14
1,14
1,14
1,14
1,14
1,14
1,14
1,14
1,14
1,14
1,14
1,14
1,14
1,14
1,14
1,14
1,14
1,14
1,14
1,14
1,14
1,14
1,14
1,14
1,14
1,14
1,14
1,14
1,14
1,14
1,14
1,14
1,14
1,14
1,14
1,14
1,14
1,14
1,14
1,14
1,14
1,14
1,14
1,14
1,14
1,14
1,14
1,14
1,14
1,14
1,14
1,14
1,14
1,14
1,14
1,14
1,14
1,14
1,14
1,14
1,14
1,14
1,14
1,14
1,14
1,14
1,14
1,14
1,14
1,14
1,14
1,14
1,14
1,14
1,14
1,14
1,14
1,14
1,14
1,14
1,14
1,14
1,14
1,14
1,14
1,14
1,14
1,14
1,14
1,14
1,14
1,14
1,14
1,14
1,14
1,14
1,14
1,14
1,14
1,14
1,14
1,14
1,14
1,14
1,14
1,14
1,14
1,14
1,14
1,14
1,14
1,14
1,14
1,14
1,14
1,14
1,14
1,14
1,14
1,14
1,14
1,14
1,14
1,14
1,14
1,14
1,14
1,14
1,14
1,14
1,14
1,14
1,14
1,14
1,14
1,14
1,14
1,14
1,14
1,14
1,14
1,14
1,14
1,14
1,14
1,14
1,14
1,14
1,14
1,14
1,14
1,14
1,14
1,14
1,14
1,14
1,14
1,14
1,14
1,14
1,14
1,14
1,14
1,14
1,14
1,14
1,14
1,14
1,14
1,14
1,14
1,14
1,14
1,14
1,14
1,14
1,14
1,14
1,14
1,14
1,14
1,14
1,14
1,14
1,14
1,14
1,14
1,14
1,14
1,14
1,14
1,14
1,14
1,14
1,14
1,14
1,14
1,14
1,14
1,14
1,14
1,14
1,14
1,14
1,14
1,14
1,14
1,14
1,14
1,14
1,14
1,14
1,14
1,14
1,14
1,14
1,14
1,14
1,14
1,14
1,14
1,14
1,14
1,14
1,14
1,14
1,14
1,14
1,14
1,14
1,14
1,14
1,14
1,14
1,14
1,14
1,14
1,14
1,14
1,14
1,14
1,14
1,14
1,14
1,14
1,14
1,14
1,14
1,14
1,14
1,14
1,14
1,14
1,14
1,14
1,14
1,14
1,14
1,14
1,14
1,14
1,14
1,14
1,14
1,14
1,14
1,14
1,14
1,14
1,14
1,14
1,14
1,14
1,14
1,14
1,14
1,14
1,14
1,14
1,14
1,14
1,14
1,14
1,14
1,14
1,14
1,14
1,14
1,14
1,14
1,14
1,14
1,14
1,14
1,14
1,14
1,14
1,14
1,14
1,14
1,14
1,14
1,14
1,14
1,14
1,14
1,14
1,14
1,14
1,14
1,14
1,14
1,14
1,14
1,14
1,14
1,14
1,14
1,14
1,14
1,14
1,14
1,14
1,14
1,14
1,14
1,14
1,14
1,14
1,14
1,14
1,14
1,14
1,14
1,14
1,14
1,14
1,14
1,14
1,14
1,14
1,14
1,14
1,14
1,14
1,14
1,14
1,14
1,14
1,14
1,14
1,14
1,14
1,14
1,14
1,14
1,14
1,14
1,14
1,14
1,14
1,14
1,14
1,14
1,14
1,14
1,14
1,14
1,14
1,14
1,14
1,14
1,14
1,14
1,14
1,14
1,14
1,14
1,14
1,14
1,14
1,14
1,14
1,14
1,14
1,14
1,14
1,14
1,14
1,14
1,14
1,14
1,14
1,14
1,14
1,14
1,14
1,14
1,14
1,14
1,14
1,14
1,14
1,14
1,14
1,14
1,14
1,14
1,14
1,14
1,14
1,14
1,14
1,14
1,14
1,14
1,14
1,14
1,14
1,14
1,14
1,14
1,14
1,14
1,14
1,14
1,14
1,14
1,14
1,14
1,14
1,14
1,14
1,14
1,14
1,14
1,14
1,14
1,14
1,14
1,14
1,14
1,14
1,14
1,14
1,14
1,14
1,14
1,14
1,14
1,14
1,14
1,14
1,14
1,14
1,14
1,14
1,14
1,14
1,14
1,14
1,14
1,14
1,14
1,14
1,14
1,14
1,14
1,14
1,14
1,14
1,14
1,14
1,14
1,14
1,14
1,14
1,14
1,14
1,14
1,14
1,14
1,14
1,14
1,14
1,14
1,14
1,14
1,14
1,14
1,14
1,14
1,14
1,14
1,14
1,14
1,14
1,14
1,14
1,14
1,14
1,14
1,14
1,14
1,14
1,14
1,14
1,14
1,14
1,14
1,14
1,14
1,14
1,14
1,14
1,14
1,14
1,14
1,14
1,14
1,14
1,14
1,14
1,14
1,14
1,14
1,14
1,14
1,14
1,14
1,14
1,14
1,14
1,14
1,14
1,14
1,14
1,14
1,14
1,14
1,14
1,14
1,14
1,14
1,14
1,14
1,14
1,14
1,14
1,14
1,14
1,14
1,14
1,14
1,14
1,14
1,14
1,14
1,14
1,14
1,14
1,14
1,14
1,14
1,14
1,14
1,14
1,14
1,14
1,14
1,14
1,14
1,14
1,14
1,14
1,14
1,14
1,14
1,14
1,14
1,14
1,14
1,14
1,14
1,14
1,14
1,14
1,14
1,14
1,14
1,14
1,14
1,14
1,14
1,14
1,14
1,14
1,14
1,14
1,14
1,14
1,14
1,14
1,14
1,14
1,14
1,14
1,14
1,14
1,14
1,14
1,14
1,14
1,14
1,14
1,14
1,14
1,14
1,14
1,14
1,14
1,14
1,14
1,14
1,14
1,14
1,14
1,14
1,14
1,14
1,14
1,14
1,14
1,14
1,14
1,14
1,14
1,14
1,14
1,14
1,14
1,14
1,14
1,14
1,14
1,14
1,14
1,14
1,14
1,14
1,14
1,14
1,14
1,14
1,14
1,14
1,14
1,14
1,14
1,14
1,14
1,14
1,14
1,14
1,14
1,14
1,14
1,14
1,14
1,14
1,14
1,14
1,14
1,14
1,14
1,14
1,14
1,14
1,14
1,14
1,14
1,14
1,14
1,14
1,14
1,14
1,14
1,14
1,14
1,14
1,14
1,14
1,14
1,14
1,14
1,14
1,14
1,14
1,14
1,14
1,14
1,14
1,14
1,14
1,14
1,14
1,14
1,14
1,14
1,14
1,14
1,14
1,14
1,14
1,14
1,14
1,14
1,14
1,14
1,14
1,14
1,14
1,14
1,14
1,14
1,14
1,14
1,14
1,14
1,14
1,14
1,14
1,14
1,14
1,14
1,14
1,14
1,14
1,14
1,14
1,14
1,14
1,14
1,14
1,14
1,14
1,14
1,14
1,14
1,14
1,14
1,14
1,14
1,14
1,14
1,14
1,14
1,14
1,14
1,14
1,14
1,14
1,14
1,14
1,14
1,14
1,14
1,14
1,14
2,14
2,14
2,14
2,14
2,14
2,14
2,14
2,14
2,14
2,14
2,14
2,14
2,14
2,14
2,14
2,14
2,14
2,14
2,14
2,14
2,14
2,14
2,14
2,14
2,14
2,14
2,14
2,14
2,14
2,14
2,14
2,14
2,14
2,14
2,14
2,14
2,14
2,14
2,14
2,14
2,14
2,14
2,14
2,14
2,14
2,14
2,14
2,14
2,14
2,14
2,14
2,14
2,14
2,14
2,14
2,14
2,14
2,14
2,14
2,14
2,14
2,14
2,14
2,14
2,14
2,14
2,14
2,14
2,14
2,14
2,14
2,14
2,14
2,14
2,14
2,14
2,14
2,14
2,14
2,14
2,14
2,14
2,14
2,14
2,14
2,14
2,14
2,14
2,14
2,14
2,14
2,14
2,14
2,14
2,14
2,14
2,14
2,14
2,14
2,14
2,14
2,14
2,14
2,14
2,14
2,14
2,14
2,14
2,14
2,14
2,14
2,14
2,14
2,14
2,14
2,14
2,14
2,14
2,14
2,14
2,14
2,14
2,14
2,14
2,14
2,14
2,14
2,14
2,14
2,14
2,14
2,14
2,14
2,14
2,14
2,14
2,14
2,14
2,14
2,14
2,14
2,14
2,14
2,14
2,14
2,14
2,14
2,14
2,14
2,14
2,14
2,14
2,14
2,14
2,14
2,14
2,14
2,14
2,14
2,14
2,14
2,14
2,14
2,14
2,14
2,14
2,14
2,14
2,14
2,14
2,14
2,14
2,14
2,14
2,14
2,14
2,14
2,14
2,14
2,14
2,14
2,14
2,14
2,14
2,14
2,14
2,14
2,14
2,14
2,14
2,14
2,14
2,14
2,14
2,14
2,14
2,14
2,14
2,14
2,14
2,14
2,14
2,14
2,14
2,14
2,14
2,14
2,14
2,14
2,14
2,14
2,14
2,14
2,14
2,14
2,14
2,14
2,14
2,14
2,14
2,14
2,14
2,14
2,14
2,14
2,14
2,14
2,14
2,14
2,14
2,14
2,14
2,14
2,14
2,14
2,14
2,14
2,14
2,14
2,14
2,14
2,14
2,14
2,14
2,14
2,14
2,14
2,14
2,14
2,14
2,14
2,14
2,14
2,14
2,14
2,14
2,14
2,14
2,14
2,14
2,14
2,14
2,14
2,14
2,14
2,14
2,14
2,14
2,14
2,14
2,14
2,14
2,14
2,14
2,14
2,14
2,14
2,14
2,14
2,14
2,14
2,14
2,14
2,14
2,14
2,14
2,14
2,14
2,14
2,14
2,14
2,14
2,14
2,14
2,14
2,14
2,14
2,14
2,14
2,14
2,14
2,14
2,14
2,14
2,14
2,14
2,14
2,14
2,14
2,14
2,14
2,14
2,14
2,14
2,14
2,14
2,14
2,14
2,14
2,14
2,14
2,14
2,14
2,14
2,14
2,14
2,14
2,14
2,14
2,14
2,14
2,14
2,14
2,14
2,14
2,14
2,14
2,14
2,14
2,14
2,14
2,14
2,14
2,14
2,14
2,14
2,14
2,14
3,14
3,14
3,14
3,14
3,14
3,14
3,14
3,14
3,14
3,14
3,14
3,14
3,14
3,14
3,14
3,14
3,14
3,14
3,14
3,14
3,14
3,14
3,14
3,14
4,14
4,14
4,14
4,14
4,14
4,14
4,14
4,14
4,14
4,14
4,14
4,14
4,14
4,14
4,14
4,14
4,14
4,14
1,21
1,21
1,21
1,21
1,21
1,21
1,21
1,21
1,21
1,21
1,21
1,21
1,21
1,21
1,21
1,21
1,21
1,21
1,21
1,21
1,21
1,21
1,21
1,21
1,21
1,21
1,21
1,21
1,21
1,21
1,21
1,21
1,21
1,21
1,21
1,21
1,21
1,21
1,21
1,21
1,21
1,21
1,21
1,21
1,21
1,21
1,21
1,21
1,21
1,21
1,21
1,21
1,21
1,21
1,21
1,21
1,21
1,21
1,21
1,21
1,21
1,21
1,21
1,21
1,21
1,21
1,21
1,21
1,21
1,21
1,21
1,21
1,21
1,21
1,21
1,21
1,21
1,21
1,21
1,21
1,21
1,21
1,21
1,21
1,21
1,21
1,21
1,21
1,21
1,21
1,21
1,21
1,21
1,21
1,21
1,21
1,21
1,21
1,21
1,21
1,21
1,21
1,21
1,21
1,21
1,21
1,21
1,21
1,21
1,21
1,21
1,21
1,21
1,21
1,21
1,21
1,21
1,21
1,21
1,21
1,21
1,21
1,21
1,21
1,21
1,21
1,21
1,21
1,21
1,21
1,21
1,21
1,21
1,21
1,21
1,21
1,21
1,21
1,21
1,21
1,21
1,21
1,21
1,21
1,21
1,21
1,21
1,21
1,21
1,21
1,21
1,21
1,21
1,21
1,21
1,21
1,21
1,21
1,21
1,21
1,21
1,21
1,21
1,21
1,21
1,21
1,21
1,21
1,21
1,21
1,21
1,21
1,21
1,21
1,21
1,21
1,21
1,21
1,21
1,21
1,21
1,21
1,21
1,21
1,21
1,21
1,21
1,21
1,21
1,21
1,21
1,21
1,21
1,21
1,21
1,21
1,21
1,21
1,21
1,21
1,21
1,21
1,21
1,21
1,21
1,21
1,21
1,21
1,21
1,21
1,21
1,21
1,21
1,21
1,21
1,21
1,21
1,21
1,21
1,21
1,21
1,21
1,21
1,21
1,21
1,21
1,21
1,21
1,21
1,21
1,21
1,21
1,21
1,21
1,21
1,21
1,21
1,21
1,21
1,21
1,21
1,21
1,21
1,21
1,21
1,21
1,21
1,21
1,21
1,21
1,21
1,21
1,21
1,21
1,21
1,21
1,21
1,21
1,21
1,21
1,21
1,21
1,21
1,21
1,21
1,21
1,21
1,21
1,21
1,21
1,21
1,21
1,21
1,21
1,21
1,21
1,21
1,21
1,21
1,21
1,21
1,21
1,21
1,21
1,21
1,21
1,21
1,21
1,21
1,21
1,21
1,21
1,21
1,21
1,21
1,21
1,21
1,21
1,21
1,21
1,21
1,21
1,21
1,21
1,21
1,21
1,21
1,21
1,21
1,21
1,21
1,21
1,21
1,21
1,21
1,21
1,21
1,21
1,21
1,21
1,21
1,21
1,21
1,21
1,21
1,21
1,21
1,21
1,21
1,21
1,21
1,21
1,21
1,21
1,21
1,21
1,21
1,21
1,21
1,21
1,21
1,21
1,21
1,21
1,21
1,21
1,21
1,21
1,21
1,21
1,21
1,21
1,21
1,21
1,21
1,21
1,21
1,21
1,21
1,21
1,21
1,21
1,21
1,21
1,21
1,21
1,21
1,21
1,21
1,21
1,21
1,21
1,21
1,21
1,21
1,21
1,21
1,21
1,21
1,21
1,21
1,21
1,21
1,21
1,21
1,21
1,21
1,21
1,21
1,21
1,21
1,21
1,21
1,21
1,21
1,21
1,21
1,21
1,21
1,21
1,21
1,21
1,21
1,21
1,21
1,21
1,21
1,21
1,21
1,21
1,21
1,21
1,21
1,21
1,21
1,21
1,21
1,21
1,21
1,21
1,21
1,21
1,21
1,21
1,21
1,21
1,21
1,21
1,21
1,21
1,21
1,21
1,21
1,21
1,21
1,21
1,21
1,21
1,21
1,21
1,21
1,21
1,21
1,21
1,21
1,21
1,21
1,21
1,21
1,21
1,21
1,21
1,21
1,21
1,21
1,21
1,21
1,21
1,21
1,21
1,21
1,21
1,21
1,21
1,21
1,21
1,21
1,21
1,21
1,21
1,21
1,21
1,21
1,21
1,21
1,21
1,21
1,21
1,21
1,21
1,21
1,21
1,21
1,21
1,21
1,21
1,21
1,21
1,21
1,21
1,21
1,21
1,21
1,21
1,21
1,21
1,21
1,21
1,21
1,21
1,21
1,21
1,21
1,21
1,21
1,21
1,21
1,21
1,21
1,21
1,21
1,21
1,21
1,21
1,21
1,21
1,21
1,21
1,21
1,21
1,21
1,21
1,21
1,21
1,21
1,21
1,21
1,21
1,21
1,21
1,21
1,21
1,21
1,21
1,21
1,21
1,21
1,21
1,21
1,21
1,21
1,21
1,21
1,21
1,21
1,21
1,21
1,21
1,21
1,21
1,21
1,21
1,21
1,21
1,21
1,21
1,21
1,21
1,21
1,21
1,21
1,21
1,21
1,21
1,21
1,21
1,21
1,21
1,21
1,21
1,21
1,21
1,21
1,21
1,21
1,21
1,21
1,21
1,21
1,21
1,21
1,21
1,21
1,21
1,21
1,21
1,21
1,21
1,21
1,21
1,21
1,21
1,21
1,21
1,21
1,21
1,21
1,21
1,21
1,21
1,21
1,21
1,21
1,21
1,21
1,21
1,21
1,21
1,21
1,21
1,21
1,21
1,21
1,21
1,21
1,21
1,21
1,21
1,21
1,21
1,21
1,21
1,21
1,21
1,21
1,21
1,21
1,21
1,21
1,21
1,21
1,21
1,21
1,21
1,21
1,21
1,21
1,21
1,21
1,21
1,21
1,21
1,21
1,21
1,21
1,21
1,21
1,21
1,21
1,21
1,21
1,21
1,21
1,21
1,21
1,21
1,21
1,21
1,21
1,21
1,21
1,21
1,21
1,21
1,21
1,21
1,21
1,21
1,21
1,21
1,21
1,21
1,21
1,21
1,21
1,21
1,21
1,21
1,21
1,21
1,21
1,21
1,21
1,21
1,21
1,21
1,21
1,21
1,21
1,21
1,21
1,21
1,21
1,21
1,21
1,21
1,21
1,21
1,21
1,21
1,21
1,21
1,21
1,21
1,21
1,21
1,21
1,21
1,21
1,21
1,21
1,21
1,21
1,21
1,21
1,21
1,21
1,21
1,21
1,21
1,21
1,21
1,21
1,21
1,21
1,21
1,21
1,21
1,21
1,21
1,21
1,21
1,21
1,21
1,21
1,21
1,21
1,21
1,21
1,21
1,21
1,21
1,21
1,21
1,21
1,21
1,21
1,21
1,21
1,21
1,21
1,21
1,21
1,21
1,21
1,21
1,21
1,21
1,21
1,21
1,21
1,21
1,21
1,21
1,21
1,21
1,21
1,21
1,21
1,21
1,21
1,21
1,21
1,21
1,21
1,21
1,21
1,21
1,21
1,21
1,21
1,21
1,21
1,21
1,21
1,21
1,21
1,21
1,21
1,21
1,21
1,21
1,21
1,21
1,21
1,21
1,21
1,21
1,21
1,21
1,21
1,21
1,21
1,21
1,21
1,21
1,21
1,21
1,21
1,21
1,21
1,21
1,21
1,21
1,21
1,21
1,21
1,21
1,21
1,21
1,21
1,21
1,21
1,21
1,21
1,21
1,21
1,21
1,21
1,21
1,21
1,21
1,21
1,21
1,21
1,21
1,21
1,21
1,21
1,21
1,21
1,21
1,21
1,21
1,21
1,21
1,21
1,21
1,21
1,21
1,21
1,21
1,21
1,21
1,21
1,21
1,21
1,21
1,21
1,21
1,21
1,21
1,21
1,21
1,21
1,21
1,21
1,21
1,21
1,21
1,21
1,21
1,21
1,21
1,21
1,21
1,21
1,21
1,21
1,21
1,21
1,21
1,21
1,21
1,21
1,21
1,21
1,21
1,21
1,21
1,21
1,21
1,21
1,21
1,21
1,21
1,21
1,21
1,21
1,21
1,21
1,21
1,21
1,21
1,21
1,21
1,21
1,21
1,21
1,21
1,21
1,21
1,21
1,21
1,21
1,21
1,21
1,21
1,21
1,21
1,21
1,21
1,21
1,21
1,21
1,21
1,21
1,21
1,21
1,21
1,21
1,21
1,21
1,21
1,21
1,21
1,21
1,21
1,21
1,21
1,21
1,21
1,21
1,21
1,21
1,21
1,21
1,21
1,21
1,21
1,21
1,21
1,21
1,21
1,21
1,21
1,21
1,21
1,21
1,21
1,21
1,21
1,21
1,21
1,21
1,21
1,21
1,21
1,21
1,21
1,21
1,21
1,21
1,21
1,21
1,21
1,21
1,21
1,21
1,21
1,21
1,21
1,21
1,21
1,21
1,21
1,21
1,21
1,21
1,21
1,21
1,21
1,21
1,21
1,21
1,21
1,21
1,21
1,21
1,21
1,21
1,21
1,21
1,21
1,21
1,21
1,21
1,21
1,21
1,21
1,21
1,21
1,21
1,21
1,21
1,21
1,21
1,21
1,21
1,21
1,21
1,21
1,21
1,21
1,21
1,21
1,21
1,21
1,21
1,21
1,21
1,21
1,21
1,21
1,21
1,21
1,21
1,21
1,21
1,21
1,21
1,21
1,21
1,21
1,21
1,21
1,21
1,21
1,21
1,21
1,21
1,21
1,21
1,21
1,21
1,21
1,21
1,21
1,21
1,21
1,21
1,21
1,21
1,21
1,21
1,21
1,21
1,21
1,21
1,21
1,21
1,21
1,21
1,21
1,21
1,21
1,21
1,21
1,21
1,21
1,21
1,21
1,21
1,21
1,21
1,21
1,21
1,21
1,21
1,21
1,21
1,21
1,21
1,21
1,21
1,21
1,21
1,21
1,21
1,21
1,21
1,21
1,21
1,21
1,21
1,21
1,21
1,21
1,21
1,21
1,21
1,21
1,21
1,21
1,21
1,21
1,21
1,21
1,21
1,21
1,21
1,21
1,21
1,21
1,21
1,21
1,21
1,21
1,21
1,21
1,21
1,21
1,21
1,21
1,21
1,21
1,21
1,21
1,21
1,21
1,21
1,21
1,21
1,21
1,21
1,21
1,21
1,21
1,21
1,21
1,21
1,21
1,21
1,21
1,21
1,21
1,21
1,21
1,21
1,21
1,21
1,21
1,21
1,21
1,21
1,21
1,21
1,21
1,21
1,21
1,21
1,21
1,21
1,21
1,21
1,21
1,21
1,21
1,21
1,21
1,21
1,21
1,21
1,21
1,21
1,21
1,21
1,21
1,21
1,21
1,21
1,21
1,21
1,21
1,21
1,21
1,21
1,21
1,21
1,21
1,21
1,21
1,21
1,21
1,21
1,21
1,21
1,21
1,21
1,21
1,21
1,21
1,21
1,21
1,21
1,21
1,21
1,21
1,21
1,21
1,21
1,21
1,21
1,21
1,21
1,21
1,21
1,21
1,21
1,21
1,21
1,21
1,21
1,21
1,21
1,21
1,21
1,21
1,21
1,21
1,21
1,21
1,21
1,21
1,21
1,21
1,21
1,21
1,21
1,21
1,21
1,21
1,21
1,21
1,21
1,21
1,21
1,21
1,21
1,21
1,21
1,21
1,21
1,21
1,21
1,21
1,21
1,21
1,21
1,21
1,21
1,21
1,21
1,21
1,21
1,21
1,21
1,21
1,21
1,21
1,21
1,21
1,21
1,21
1,21
1,21
1,21
1,21
1,21
1,21
1,21
1,21
1,21
1,21
1,21
1,21
1,21
1,21
1,21
1,21
1,21
1,21
1,21
1,21
1,21
1,21
1,21
1,21
1,21
1,21
1,21
1,21
1,21
1,21
1,21
1,21
1,21
1,21
1,21
1,21
1,21
1,21
1,21
1,21
1,21
1,21
1,21
1,21
1,21
1,21
1,21
1,21
1,21
1,21
1,21
1,21
1,21
1,21
1,21
1,21
1,21
1,21
1,21
1,21
1,21
1,21
1,21
1,21
1,21
1,21
1,21
1,21
1,21
1,21
1,21
1,21
1,21
1,21
1,21
1,21
1,21
1,21
1,21
1,21
1,21
1,21
1,21
1,21
1,21
1,21
1,21
1,21
1,21
1,21
1,21
1,21
1,21
1,21
1,21
1,21
1,21
1,21
1,21
1,21
1,21
1,21
1,21
1,21
1,21
1,21
1,21
1,21
1,21
1,21
1,21
1,21
1,21
1,21
1,21
1,21
1,21
1,21
1,21
1,21
1,21
1,21
1,21
1,21
1,21
1,21
1,21
1,21
1,21
1,21
1,21
1,21
1,21
1,21
1,21
1,21
1,21
1,21
1,21
1,21
1,21
1,21
1,21
1,21
1,21
1,21
1,21
1,21
1,21
1,21
1,21
1,21
1,21
1,21
1,21
1,21
1,21
1,21
1,21
1,21
1,21
1,21
1,21
1,21
1,21
1,21
1,21
1,21
1,21
1,21
1,21
1,21
1,21
1,21
1,21
1,21
1,21
1,21
1,21
1,21
1,21
1,21
1,21
2,21
2,21
2,21
2,21
2,21
2,21
2,21
2,21
2,21
2,21
2,21
2,21
2,21
2,21
2,21
2,21
2,21
2,21
2,21
2,21
2,21
2,21
2,21
2,21
2,21
2,21
2,21
2,21
2,21
2,21
2,21
2,21
2,21
2,21
2,21
2,21
2,21
2,21
2,21
2,21
2,21
2,21
2,21
2,21
2,21
2,21
2,21
2,21
2,21
2,21
2,21
2,21
2,21
2,21
2,21
2,21
2,21
2,21
2,21
2,21
2,21
2,21
2,21
2,21
2,21
2,21
2,21
2,21
2,21
2,21
2,21
2,21
2,21
2,21
2,21
2,21
2,21
2,21
2,21
2,21
2,21
2,21
2,21
2,21
2,21
2,21
2,21
2,21
2,21
2,21
2,21
2,21
2,21
2,21
2,21
2,21
2,21
2,21
2,21
2,21
2,21
2,21
2,21
2,21
2,21
2,21
2,21
2,21
2,21
2,21
2,21
2,21
2,21
2,21
2,21
2,21
2,21
2,21
2,21
2,21
2,21
2,21
2,21
2,21
2,21
2,21
2,21
2,21
2,21
2,21
2,21
2,21
2,21
2,21
2,21
2,21
2,21
2,21
2,21
2,21
2,21
2,21
2,21
2,21
2,21
2,21
2,21
2,21
2,21
2,21
2,21
2,21
2,21
2,21
2,21
2,21
2,21
2,21
2,21
2,21
2,21
2,21
2,21
2,21
2,21
2,21
2,21
2,21
2,21
2,21
2,21
2,21
2,21
2,21
2,21
2,21
2,21
2,21
2,21
2,21
2,21
2,21
2,21
2,21
2,21
2,21
2,21
2,21
2,21
2,21
2,21
2,21
2,21
2,21
2,21
2,21
2,21
2,21
2,21
2,21
2,21
2,21
2,21
2,21
2,21
2,21
2,21
2,21
2,21
2,21
2,21
2,21
2,21
2,21
2,21
2,21
2,21
2,21
2,21
2,21
2,21
2,21
2,21
2,21
2,21
2,21
2,21
2,21
2,21
2,21
2,21
2,21
2,21
2,21
2,21
2,21
2,21
2,21
2,21
2,21
2,21
2,21
2,21
2,21
2,21
2,21
2,21
2,21
2,21
2,21
2,21
2,21
2,21
2,21
2,21
2,21
2,21
2,21
2,21
2,21
2,21
2,21
2,21
2,21
2,21
2,21
2,21
2,21
2,21
2,21
2,21
2,21
2,21
2,21
2,21
2,21
2,21
2,21
2,21
2,21
2,21
2,21
2,21
2,21
2,21
2,21
2,21
2,21
2,21
2,21
2,21
2,21
2,21
2,21
2,21
2,21
2,21
2,21
2,21
2,21
2,21
2,21
2,21
2,21
2,21
2,21
2,21
2,21
2,21
2,21
2,21
2,21
2,21
2,21
2,21
2,21
2,21
2,21
2,21
2,21
2,21
2,21
2,21
2,21
2,21
2,21
2,21
2,21
2,21
2,21
2,21
2,21
2,21
2,21
2,21
2,21
2,21
2,21
2,21
2,21
2,21
2,21
2,21
2,21
2,21
2,21
2,21
2,21
2,21
2,21
2,21
2,21
2,21
2,21
2,21
2,21
2,21
2,21
2,21
2,21
2,21
2,21
2,21
2,21
2,21
2,21
2,21
2,21
2,21
2,21
2,21
2,21
2,21
2,21
2,21
2,21
2,21
2,21
2,21
2,21
2,21
2,21
2,21
2,21
2,21
2,21
2,21
2,21
2,21
2,21
2,21
2,21
2,21
2,21
2,21
2,21
2,21
2,21
2,21
2,21
2,21
2,21
2,21
2,21
2,21
2,21
2,21
2,21
2,21
2,21
2,21
2,21
2,21
2,21
2,21
2,21
2,21
2,21
2,21
2,21
2,21
2,21
2,21
2,21
2,21
2,21
2,21
2,21
2,21
2,21
2,21
2,21
2,21
2,21
2,21
2,21
2,21
2,21
2,21
2,21
2,21
2,21
2,21
2,21
2,21
2,21
2,21
2,21
2,21
2,21
2,21
2,21
2,21
2,21
2,21
2,21
2,21
2,21
2,21
2,21
2,21
2,21
2,21
2,21
2,21
2,21
2,21
2,21
2,21
2,21
2,21
2,21
2,21
2,21
2,21
2,21
2,21
2,21
2,21
2,21
2,21
2,21
2,21
2,21
3,21
3,21
3,21
3,21
3,21
3,21
3,21
3,21
3,21
3,21
3,21
3,21
3,21
3,21
3,21
3,21
3,21
3,21
3,21
3,21
3,21
3,21
3,21
3,21
3,21
3,21
3,21
3,21
3,21
3,21
3,21
3,21
3,21
3,21
3,21
3,21
3,21
3,21
3,21
3,21
4,21
4,21
4,21
4,21
4,21
4,21
4,21
4,21
4,21
4,21
4,21
4,21
4,21
4,21
4,21
4,21
4,21
4,21
4,21
4,21
4,21
4,21
4,21
4,21
4,21
4,21
4,21
4,21
4,21
4,21
5,21
5,21
5,21
5,21
6,21
6,21
6,21
6,21
6,21
6,21
1,28
1,28
1,28
1,28
1,28
1,28
1,28
1,28
1,28
1,28
1,28
1,28
1,28
1,28
1,28
1,28
1,28
1,28
1,28
1,28
1,28
1,28
1,28
1,28
1,28
1,28
1,28
1,28
1,28
1,28
1,28
1,28
1,28
1,28
1,28
1,28
1,28
1,28
1,28
1,28
1,28
1,28
1,28
1,28
1,28
1,28
1,28
1,28
1,28
1,28
1,28
1,28
1,28
1,28
1,28
1,28
1,28
1,28
1,28
1,28
1,28
1,28
1,28
1,28
1,28
1,28
1,28
1,28
1,28
1,28
1,28
1,28
1,28
1,28
1,28
1,28
1,28
1,28
1,28
1,28
1,28
1,28
1,28
1,28
1,28
1,28
1,28
1,28
1,28
1,28
1,28
1,28
1,28
1,28
1,28
1,28
1,28
1,28
1,28
1,28
1,28
1,28
1,28
1,28
1,28
1,28
1,28
1,28
1,28
1,28
1,28
1,28
1,28
1,28
1,28
1,28
1,28
1,28
1,28
1,28
1,28
1,28
1,28
1,28
1,28
1,28
1,28
1,28
1,28
1,28
1,28
1,28
1,28
1,28
1,28
1,28
1,28
1,28
1,28
1,28
1,28
1,28
1,28
1,28
1,28
1,28
1,28
1,28
1,28
1,28
1,28
1,28
1,28
1,28
1,28
1,28
1,28
1,28
1,28
1,28
1,28
1,28
1,28
1,28
1,28
1,28
1,28
1,28
1,28
1,28
1,28
1,28
1,28
1,28
1,28
1,28
1,28
1,28
1,28
1,28
1,28
1,28
1,28
1,28
1,28
1,28
1,28
1,28
1,28
1,28
1,28
1,28
1,28
1,28
1,28
1,28
1,28
1,28
1,28
1,28
1,28
1,28
1,28
1,28
1,28
1,28
1,28
1,28
1,28
1,28
1,28
1,28
1,28
1,28
1,28
1,28
1,28
1,28
1,28
1,28
1,28
1,28
1,28
1,28
1,28
1,28
1,28
1,28
1,28
1,28
1,28
1,28
1,28
1,28
1,28
1,28
1,28
1,28
1,28
1,28
1,28
1,28
1,28
1,28
1,28
1,28
1,28
1,28
1,28
1,28
1,28
1,28
1,28
1,28
1,28
1,28
1,28
1,28
1,28
1,28
1,28
1,28
1,28
1,28
1,28
1,28
1,28
1,28
1,28
1,28
1,28
1,28
1,28
1,28
1,28
1,28
1,28
1,28
1,28
1,28
1,28
1,28
1,28
1,28
1,28
1,28
1,28
1,28
1,28
1,28
1,28
1,28
1,28
1,28
1,28
1,28
1,28
1,28
1,28
1,28
1,28
1,28
1,28
1,28
1,28
1,28
1,28
1,28
1,28
1,28
1,28
1,28
1,28
1,28
1,28
1,28
1,28
1,28
1,28
1,28
1,28
1,28
1,28
1,28
1,28
1,28
1,28
1,28
1,28
1,28
1,28
1,28
1,28
1,28
1,28
1,28
1,28
1,28
1,28
1,28
1,28
1,28
1,28
1,28
1,28
1,28
1,28
1,28
1,28
1,28
1,28
1,28
1,28
1,28
1,28
1,28
1,28
1,28
1,28
1,28
1,28
1,28
1,28
1,28
1,28
1,28
1,28
1,28
1,28
1,28
1,28
1,28
1,28
1,28
1,28
1,28
1,28
1,28
1,28
1,28
1,28
1,28
1,28
1,28
1,28
1,28
1,28
1,28
1,28
1,28
1,28
1,28
1,28
1,28
1,28
1,28
1,28
1,28
1,28
1,28
1,28
1,28
1,28
1,28
1,28
1,28
1,28
1,28
1,28
1,28
1,28
1,28
1,28
1,28
1,28
1,28
1,28
1,28
1,28
1,28
1,28
1,28
1,28
1,28
1,28
1,28
1,28
1,28
1,28
1,28
1,28
1,28
1,28
1,28
1,28
1,28
1,28
1,28
1,28
1,28
1,28
1,28
1,28
1,28
1,28
1,28
1,28
1,28
1,28
1,28
1,28
1,28
1,28
1,28
1,28
1,28
1,28
1,28
1,28
1,28
1,28
1,28
1,28
1,28
1,28
1,28
1,28
1,28
1,28
1,28
1,28
1,28
1,28
1,28
1,28
1,28
1,28
1,28
1,28
1,28
1,28
1,28
1,28
1,28
1,28
1,28
1,28
1,28
1,28
1,28
1,28
1,28
1,28
1,28
1,28
1,28
1,28
1,28
1,28
1,28
1,28
1,28
1,28
1,28
1,28
1,28
1,28
1,28
1,28
1,28
1,28
1,28
1,28
1,28
1,28
1,28
1,28
1,28
1,28
1,28
1,28
1,28
1,28
1,28
1,28
1,28
1,28
1,28
1,28
1,28
1,28
1,28
1,28
1,28
1,28
1,28
1,28
1,28
1,28
1,28
1,28
1,28
1,28
1,28
1,28
1,28
1,28
1,28
1,28
1,28
1,28
1,28
1,28
1,28
1,28
1,28
1,28
1,28
1,28
1,28
1,28
1,28
1,28
1,28
1,28
1,28
1,28
1,28
1,28
1,28
1,28
1,28
1,28
1,28
1,28
1,28
1,28
1,28
1,28
1,28
1,28
1,28
1,28
1,28
1,28
1,28
1,28
1,28
1,28
1,28
1,28
1,28
1,28
1,28
1,28
1,28
1,28
1,28
1,28
1,28
1,28
1,28
1,28
1,28
1,28
1,28
1,28
1,28
1,28
1,28
1,28
1,28
1,28
1,28
1,28
1,28
1,28
1,28
1,28
1,28
1,28
1,28
1,28
1,28
1,28
1,28
1,28
1,28
1,28
1,28
1,28
1,28
1,28
1,28
1,28
1,28
1,28
1,28
1,28
1,28
1,28
1,28
1,28
1,28
1,28
1,28
1,28
1,28
1,28
1,28
1,28
1,28
1,28
1,28
1,28
1,28
1,28
1,28
1,28
1,28
1,28
1,28
1,28
1,28
1,28
1,28
1,28
1,28
1,28
1,28
1,28
1,28
1,28
1,28
1,28
1,28
1,28
1,28
1,28
1,28
1,28
1,28
1,28
1,28
1,28
1,28
1,28
1,28
1,28
1,28
1,28
1,28
1,28
1,28
1,28
1,28
1,28
1,28
1,28
1,28
1,28
1,28
1,28
1,28
1,28
1,28
1,28
1,28
1,28
1,28
1,28
1,28
1,28
1,28
1,28
1,28
1,28
1,28
1,28
1,28
1,28
1,28
1,28
1,28
1,28
1,28
1,28
1,28
1,28
1,28
1,28
1,28
1,28
1,28
1,28
1,28
1,28
1,28
1,28
1,28
1,28
1,28
1,28
1,28
1,28
1,28
1,28
1,28
1,28
1,28
1,28
1,28
1,28
1,28
1,28
1,28
1,28
1,28
1,28
1,28
1,28
1,28
1,28
1,28
1,28
1,28
1,28
1,28
1,28
1,28
1,28
1,28
1,28
1,28
1,28
1,28
1,28
1,28
1,28
1,28
1,28
1,28
1,28
1,28
1,28
1,28
1,28
1,28
1,28
1,28
1,28
1,28
1,28
1,28
1,28
1,28
1,28
1,28
1,28
1,28
1,28
1,28
1,28
1,28
1,28
1,28
1,28
1,28
1,28
1,28
1,28
1,28
1,28
1,28
1,28
1,28
1,28
1,28
1,28
1,28
1,28
1,28
1,28
1,28
1,28
1,28
1,28
1,28
1,28
1,28
1,28
1,28
1,28
1,28
1,28
1,28
1,28
1,28
1,28
1,28
1,28
1,28
1,28
1,28
1,28
1,28
1,28
1,28
1,28
1,28
1,28
1,28
1,28
1,28
1,28
1,28
1,28
1,28
1,28
1,28
1,28
1,28
1,28
1,28
1,28
1,28
1,28
1,28
1,28
1,28
1,28
1,28
1,28
1,28
1,28
1,28
1,28
1,28
1,28
1,28
1,28
1,28
1,28
1,28
1,28
1,28
1,28
1,28
1,28
1,28
1,28
1,28
1,28
1,28
1,28
1,28
1,28
1,28
1,28
1,28
1,28
1,28
1,28
1,28
1,28
1,28
1,28
1,28
1,28
1,28
1,28
1,28
1,28
1,28
1,28
1,28
1,28
1,28
1,28
1,28
1,28
1,28
1,28
1,28
1,28
1,28
1,28
1,28
1,28
1,28
1,28
1,28
1,28
1,28
1,28
1,28
1,28
1,28
1,28
1,28
1,28
1,28
1,28
1,28
1,28
1,28
1,28
1,28
1,28
1,28
1,28
1,28
1,28
1,28
1,28
1,28
1,28
1,28
1,28
1,28
1,28
1,28
1,28
1,28
1,28
1,28
1,28
1,28
1,28
1,28
1,28
1,28
1,28
1,28
1,28
1,28
1,28
1,28
1,28
1,28
1,28
1,28
1,28
1,28
1,28
1,28
1,28
1,28
1,28
1,28
1,28
1,28
1,28
1,28
1,28
1,28
1,28
1,28
1,28
1,28
1,28
1,28
1,28
1,28
1,28
1,28
1,28
1,28
1,28
1,28
1,28
1,28
1,28
1,28
1,28
1,28
1,28
1,28
1,28
1,28
1,28
1,28
1,28
1,28
1,28
1,28
1,28
1,28
1,28
1,28
1,28
1,28
1,28
1,28
1,28
1,28
1,28
1,28
1,28
1,28
1,28
1,28
1,28
1,28
1,28
1,28
1,28
1,28
1,28
1,28
1,28
1,28
1,28
1,28
1,28
1,28
1,28
1,28
1,28
1,28
1,28
1,28
1,28
1,28
1,28
1,28
1,28
1,28
1,28
1,28
1,28
1,28
1,28
1,28
1,28
1,28
1,28
1,28
1,28
1,28
1,28
1,28
1,28
1,28
1,28
1,28
1,28
1,28
1,28
1,28
1,28
1,28
1,28
1,28
1,28
1,28
1,28
1,28
1,28
1,28
1,28
1,28
1,28
1,28
1,28
1,28
1,28
1,28
1,28
1,28
1,28
1,28
1,28
1,28
1,28
1,28
1,28
1,28
1,28
1,28
1,28
1,28
1,28
1,28
1,28
1,28
1,28
1,28
1,28
1,28
1,28
1,28
1,28
1,28
1,28
1,28
1,28
1,28
1,28
1,28
1,28
1,28
1,28
1,28
1,28
1,28
1,28
1,28
1,28
1,28
1,28
1,28
1,28
1,28
1,28
1,28
1,28
1,28
1,28
1,28
1,28
1,28
1,28
1,28
1,28
1,28
1,28
1,28
1,28
1,28
1,28
1,28
1,28
1,28
1,28
1,28
1,28
1,28
1,28
1,28
1,28
1,28
1,28
1,28
1,28
1,28
1,28
1,28
1,28
1,28
1,28
1,28
1,28
1,28
1,28
1,28
1,28
1,28
1,28
1,28
1,28
1,28
1,28
1,28
1,28
1,28
1,28
1,28
1,28
1,28
1,28
1,28
1,28
1,28
1,28
1,28
1,28
1,28
1,28
1,28
1,28
1,28
1,28
1,28
1,28
1,28
1,28
1,28
1,28
1,28
1,28
1,28
1,28
1,28
1,28
1,28
1,28
1,28
1,28
1,28
1,28
1,28
1,28
1,28
1,28
1,28
1,28
1,28
1,28
1,28
1,28
1,28
1,28
1,28
1,28
1,28
1,28
1,28
1,28
1,28
1,28
1,28
1,28
1,28
1,28
1,28
1,28
1,28
1,28
1,28
1,28
1,28
1,28
1,28
1,28
1,28
1,28
1,28
1,28
1,28
1,28
1,28
1,28
1,28
1,28
1,28
1,28
1,28
1,28
1,28
1,28
1,28
1,28
1,28
1,28
1,28
1,28
1,28
1,28
1,28
1,28
1,28
1,28
1,28
1,28
1,28
1,28
1,28
1,28
1,28
1,28
2,28
2,28
2,28
2,28
2,28
2,28
2,28
2,28
2,28
2,28
2,28
2,28
2,28
2,28
2,28
2,28
2,28
2,28
2,28
2,28
2,28
2,28
2,28
2,28
2,28
2,28
2,28
2,28
2,28
2,28
2,28
2,28
2,28
2,28
2,28
2,28
2,28
2,28
2,28
2,28
2,28
2,28
2,28
2,28
2,28
2,28
2,28
2,28
2,28
2,28
2,28
2,28
2,28
2,28
2,28
2,28
2,28
2,28
2,28
2,28
2,28
2,28
2,28
2,28
2,28
2,28
2,28
2,28
2,28
2,28
2,28
2,28
2,28
2,28
2,28
2,28
2,28
2,28
2,28
2,28
2,28
2,28
2,28
2,28
2,28
2,28
2,28
2,28
2,28
2,28
2,28
2,28
2,28
2,28
2,28
2,28
2,28
2,28
2,28
2,28
2,28
2,28
2,28
2,28
2,28
2,28
2,28
2,28
2,28
2,28
2,28
2,28
2,28
2,28
2,28
2,28
2,28
2,28
2,28
2,28
2,28
2,28
2,28
2,28
2,28
2,28
2,28
2,28
2,28
2,28
2,28
2,28
2,28
2,28
2,28
2,28
2,28
2,28
2,28
2,28
2,28
2,28
2,28
2,28
2,28
2,28
2,28
2,28
2,28
2,28
2,28
2,28
2,28
2,28
2,28
2,28
2,28
2,28
2,28
2,28
2,28
2,28
2,28
2,28
2,28
2,28
2,28
2,28
2,28
2,28
2,28
2,28
2,28
2,28
2,28
2,28
2,28
2,28
2,28
2,28
2,28
2,28
2,28
2,28
2,28
2,28
2,28
2,28
2,28
2,28
2,28
2,28
2,28
2,28
2,28
2,28
2,28
2,28
2,28
2,28
2,28
2,28
2,28
2,28
2,28
2,28
2,28
2,28
2,28
2,28
2,28
2,28
2,28
2,28
2,28
2,28
2,28
2,28
2,28
2,28
2,28
2,28
2,28
2,28
2,28
2,28
2,28
2,28
2,28
2,28
2,28
2,28
2,28
2,28
2,28
2,28
2,28
2,28
2,28
2,28
2,28
2,28
2,28
2,28
2,28
2,28
2,28
2,28
2,28
2,28
2,28
2,28
2,28
2,28
2,28
2,28
2,28
2,28
2,28
2,28
2,28
2,28
2,28
2,28
2,28
2,28
2,28
2,28
2,28
2,28
2,28
2,28
2,28
2,28
2,28
2,28
2,28
2,28
2,28
2,28
2,28
2,28
2,28
2,28
2,28
2,28
2,28
2,28
2,28
2,28
2,28
2,28
2,28
2,28
2,28
2,28
2,28
2,28
2,28
2,28
2,28
2,28
2,28
2,28
2,28
2,28
2,28
2,28
2,28
2,28
2,28
2,28
2,28
2,28
2,28
2,28
2,28
2,28
2,28
2,28
2,28
2,28
2,28
2,28
2,28
2,28
2,28
2,28
2,28
2,28
2,28
2,28
2,28
2,28
2,28
2,28
2,28
2,28
2,28
2,28
2,28
2,28
2,28
2,28
2,28
2,28
2,28
2,28
2,28
2,28
2,28
2,28
2,28
2,28
2,28
2,28
2,28
2,28
2,28
2,28
2,28
2,28
2,28
2,28
2,28
2,28
2,28
2,28
2,28
2,28
2,28
2,28
2,28
2,28
2,28
2,28
2,28
2,28
2,28
2,28
2,28
2,28
2,28
2,28
2,28
2,28
2,28
2,28
2,28
2,28
2,28
2,28
2,28
2,28
2,28
2,28
2,28
2,28
2,28
2,28
2,28
2,28
2,28
2,28
2,28
2,28
2,28
2,28
2,28
2,28
2,28
2,28
2,28
2,28
2,28
2,28
2,28
2,28
2,28
2,28
2,28
2,28
2,28
2,28
2,28
2,28
2,28
2,28
2,28
2,28
2,28
2,28
2,28
2,28
2,28
2,28
2,28
2,28
2,28
2,28
2,28
2,28
2,28
2,28
2,28
2,28
2,28
2,28
2,28
2,28
2,28
2,28
2,28
2,28
2,28
2,28
2,28
2,28
2,28
2,28
2,28
2,28
2,28
2,28
2,28
2,28
2,28
2,28
2,28
2,28
2,28
2,28
2,28
2,28
2,28
2,28
2,28
2,28
2,28
2,28
2,28
2,28
2,28
2,28
2,28
2,28
2,28
2,28
2,28
2,28
2,28
2,28
2,28
2,28
2,28
2,28
2,28
2,28
2,28
2,28
2,28
2,28
2,28
2,28
2,28
2,28
2,28
2,28
2,28
2,28
2,28
2,28
2,28
2,28
2,28
2,28
2,28
2,28
2,28
2,28
2,28
2,28
2,28
2,28
2,28
2,28
2,28
2,28
2,28
2,28
2,28
2,28
2,28
2,28
2,28
2,28
2,28
2,28
2,28
2,28
2,28
2,28
2,28
2,28
2,28
2,28
2,28
2,28
2,28
2,28
2,28
2,28
2,28
2,28
2,28
2,28
2,28
2,28
2,28
2,28
2,28
2,28
2,28
2,28
2,28
2,28
2,28
2,28
2,28
2,28
2,28
2,28
2,28
2,28
2,28
2,28
2,28
2,28
2,28
2,28
2,28
2,28
2,28
2,28
2,28
2,28
2,28
2,28
2,28
2,28
2,28
2,28
2,28
2,28
2,28
2,28
2,28
2,28
2,28
2,28
2,28
2,28
2,28
2,28
2,28
2,28
2,28
2,28
3,28
3,28
3,28
3,28
3,28
3,28
3,28
3,28
3,28
3,28
3,28
3,28
3,28
3,28
3,28
3,28
3,28
3,28
3,28
3,28
3,28
3,28
3,28
3,28
3,28
3,28
3,28
3,28
3,28
3,28
3,28
3,28
3,28
3,28
3,28
3,28
3,28
3,28
3,28
3,28
3,28
3,28
3,28
3,28
3,28
3,28
3,28
3,28
3,28
3,28
3,28
3,28
3,28
3,28
3,28
4,28
4,28
4,28
4,28
4,28
4,28
4,28
4,28
4,28
4,28
4,28
4,28
4,28
4,28
4,28
4,28
4,28
4,28
4,28
4,28
4,28
4,28
4,28
4,28
4,28
4,28
4,28
4,28
4,28
4,28
4,28
4,28
4,28
4,28
4,28
4,28
4,28
4,28
4,28
4,28
4,28
4,28
4,28
4,28
4,28
4,28
4,28
4,28
4,28
4,28
4,28
4,28
4,28
4,28
4,28
4,28
4,28
4,28
4,28
4,28
4,28
4,28
4,28
5,28
5,28
5,28
5,28
5,28
5,28
5,28
5,28
5,28
6,28
6,28
6,28
6,28
6,28
6,28
6,28
6,28
6,28
6,28
6,28
6,28
6,28
6,28
6,28
6,28
6,28
6,28
6,28
6,28
6,28
6,28
6,28
6,28
6,28
6,28
7,28
7,28
7,28
7,28
7,28
7,28
7,28
7,28
8,28
8,28
1,35
1,35
1,35
1,35
1,35
1,35
1,35
1,35
1,35
1,35
1,35
1,35
1,35
1,35
1,35
1,35
1,35
1,35
1,35
1,35
1,35
1,35
1,35
1,35
1,35
1,35
1,35
1,35
1,35
1,35
1,35
1,35
1,35
1,35
1,35
1,35
1,35
1,35
1,35
1,35
1,35
1,35
1,35
1,35
1,35
1,35
1,35
1,35
1,35
1,35
1,35
1,35
1,35
1,35
1,35
1,35
1,35
1,35
1,35
1,35
1,35
1,35
1,35
1,35
1,35
1,35
1,35
1,35
1,35
1,35
1,35
1,35
1,35
1,35
1,35
1,35
1,35
1,35
1,35
1,35
1,35
1,35
1,35
1,35
1,35
1,35
1,35
1,35
1,35
1,35
1,35
1,35
1,35
1,35
1,35
1,35
1,35
1,35
1,35
1,35
1,35
1,35
1,35
1,35
1,35
1,35
1,35
1,35
1,35
1,35
1,35
1,35
1,35
1,35
1,35
1,35
1,35
1,35
1,35
1,35
1,35
1,35
1,35
1,35
1,35
1,35
1,35
1,35
1,35
1,35
1,35
1,35
1,35
1,35
1,35
1,35
1,35
1,35
1,35
1,35
1,35
1,35
1,35
1,35
1,35
1,35
1,35
1,35
1,35
1,35
1,35
1,35
1,35
1,35
1,35
1,35
1,35
1,35
1,35
1,35
1,35
1,35
1,35
1,35
1,35
1,35
1,35
1,35
1,35
1,35
1,35
1,35
1,35
1,35
1,35
1,35
1,35
1,35
1,35
1,35
1,35
1,35
1,35
1,35
1,35
1,35
1,35
1,35
1,35
1,35
1,35
1,35
1,35
1,35
1,35
1,35
1,35
1,35
1,35
1,35
1,35
1,35
1,35
1,35
1,35
1,35
1,35
1,35
1,35
1,35
1,35
1,35
1,35
1,35
1,35
1,35
1,35
1,35
1,35
1,35
1,35
1,35
1,35
1,35
1,35
1,35
1,35
1,35
1,35
1,35
1,35
1,35
1,35
1,35
1,35
1,35
1,35
1,35
1,35
1,35
1,35
1,35
1,35
1,35
1,35
1,35
1,35
1,35
1,35
1,35
1,35
1,35
1,35
1,35
1,35
1,35
1,35
1,35
1,35
1,35
1,35
1,35
1,35
1,35
1,35
1,35
1,35
1,35
1,35
1,35
1,35
1,35
1,35
1,35
1,35
1,35
1,35
1,35
1,35
1,35
1,35
1,35
1,35
1,35
1,35
1,35
1,35
1,35
1,35
1,35
1,35
1,35
1,35
1,35
1,35
1,35
1,35
1,35
1,35
1,35
1,35
1,35
1,35
1,35
1,35
1,35
1,35
1,35
1,35
1,35
1,35
1,35
1,35
1,35
1,35
1,35
1,35
1,35
1,35
1,35
1,35
1,35
1,35
1,35
1,35
1,35
1,35
1,35
1,35
1,35
1,35
1,35
1,35
1,35
1,35
1,35
1,35
1,35
1,35
1,35
1,35
1,35
1,35
1,35
1,35
1,35
1,35
1,35
1,35
1,35
1,35
1,35
1,35
1,35
1,35
1,35
1,35
1,35
1,35
1,35
1,35
1,35
1,35
1,35
1,35
1,35
1,35
1,35
1,35
1,35
1,35
1,35
1,35
1,35
1,35
1,35
1,35
1,35
1,35
1,35
1,35
1,35
1,35
1,35
1,35
1,35
1,35
1,35
1,35
1,35
1,35
1,35
1,35
1,35
1,35
1,35
1,35
1,35
1,35
1,35
1,35
1,35
1,35
1,35
1,35
1,35
1,35
1,35
1,35
1,35
1,35
1,35
1,35
1,35
1,35
1,35
1,35
1,35
1,35
1,35
1,35
1,35
1,35
1,35
1,35
1,35
1,35
1,35
1,35
1,35
1,35
1,35
1,35
1,35
1,35
1,35
1,35
1,35
1,35
1,35
1,35
1,35
1,35
1,35
1,35
1,35
1,35
1,35
1,35
1,35
1,35
1,35
1,35
1,35
1,35
1,35
1,35
1,35
1,35
1,35
1,35
1,35
1,35
1,35
1,35
1,35
1,35
1,35
1,35
1,35
1,35
1,35
1,35
1,35
1,35
1,35
1,35
1,35
1,35
1,35
1,35
1,35
1,35
1,35
1,35
1,35
1,35
1,35
1,35
1,35
1,35
1,35
1,35
1,35
1,35
1,35
1,35
1,35
1,35
1,35
1,35
1,35
1,35
1,35
1,35
1,35
1,35
1,35
1,35
1,35
1,35
1,35
1,35
1,35
1,35
1,35
1,35
1,35
1,35
1,35
1,35
1,35
1,35
1,35
1,35
1,35
1,35
1,35
1,35
1,35
1,35
1,35
1,35
1,35
1,35
1,35
1,35
1,35
1,35
1,35
1,35
1,35
1,35
1,35
1,35
1,35
1,35
1,35
1,35
1,35
1,35
1,35
1,35
1,35
1,35
1,35
1,35
1,35
1,35
1,35
1,35
1,35
1,35
1,35
1,35
1,35
1,35
1,35
1,35
1,35
1,35
1,35
1,35
1,35
1,35
1,35
1,35
1,35
1,35
1,35
1,35
1,35
1,35
1,35
1,35
1,35
1,35
1,35
1,35
1,35
1,35
1,35
1,35
1,35
1,35
1,35
1,35
1,35
1,35
1,35
1,35
1,35
1,35
1,35
1,35
1,35
1,35
1,35
1,35
1,35
1,35
1,35
1,35
1,35
1,35
1,35
1,35
1,35
1,35
1,35
1,35
1,35
1,35
1,35
1,35
1,35
1,35
1,35
1,35
1,35
1,35
1,35
1,35
1,35
1,35
1,35
1,35
1,35
1,35
1,35
1,35
1,35
1,35
1,35
1,35
1,35
1,35
1,35
1,35
1,35
1,35
1,35
1,35
1,35
1,35
1,35
1,35
1,35
1,35
1,35
1,35
1,35
1,35
1,35
1,35
1,35
1,35
1,35
1,35
1,35
1,35
1,35
1,35
1,35
1,35
1,35
1,35
1,35
1,35
1,35
1,35
1,35
1,35
1,35
1,35
1,35
1,35
1,35
1,35
1,35
1,35
1,35
1,35
1,35
1,35
1,35
1,35
1,35
1,35
1,35
1,35
1,35
1,35
1,35
1,35
1,35
1,35
1,35
1,35
1,35
1,35
1,35
1,35
1,35
1,35
1,35
1,35
1,35
1,35
1,35
1,35
1,35
1,35
1,35
1,35
1,35
1,35
1,35
1,35
1,35
1,35
1,35
1,35
1,35
1,35
1,35
1,35
1,35
1,35
1,35
1,35
1,35
1,35
1,35
1,35
1,35
1,35
1,35
1,35
1,35
1,35
1,35
1,35
1,35
1,35
1,35
1,35
1,35
1,35
1,35
1,35
1,35
1,35
1,35
1,35
1,35
1,35
1,35
1,35
1,35
1,35
1,35
1,35
1,35
1,35
1,35
1,35
1,35
1,35
1,35
1,35
1,35
1,35
1,35
1,35
1,35
1,35
1,35
1,35
1,35
1,35
1,35
1,35
1,35
1,35
1,35
1,35
1,35
1,35
1,35
1,35
1,35
1,35
1,35
1,35
1,35
1,35
1,35
1,35
1,35
1,35
1,35
1,35
1,35
1,35
1,35
1,35
1,35
1,35
1,35
1,35
1,35
1,35
1,35
1,35
1,35
1,35
1,35
1,35
1,35
1,35
1,35
1,35
1,35
1,35
1,35
1,35
1,35
1,35
1,35
1,35
1,35
1,35
1,35
1,35
1,35
1,35
1,35
1,35
1,35
1,35
1,35
1,35
1,35
1,35
1,35
1,35
1,35
1,35
1,35
1,35
1,35
1,35
1,35
1,35
1,35
1,35
1,35
1,35
1,35
1,35
1,35
1,35
1,35
1,35
1,35
1,35
1,35
1,35
1,35
1,35
1,35
1,35
1,35
1,35
1,35
1,35
1,35
1,35
1,35
1,35
1,35
1,35
1,35
1,35
1,35
1,35
1,35
1,35
1,35
1,35
1,35
1,35
1,35
1,35
1,35
1,35
1,35
1,35
1,35
1,35
1,35
1,35
1,35
1,35
1,35
1,35
1,35
1,35
1,35
1,35
1,35
1,35
1,35
1,35
1,35
1,35
1,35
1,35
1,35
1,35
1,35
1,35
1,35
1,35
1,35
1,35
1,35
1,35
1,35
1,35
1,35
1,35
1,35
1,35
1,35
1,35
1,35
1,35
1,35
1,35
1,35
1,35
1,35
1,35
1,35
1,35
1,35
1,35
1,35
1,35
1,35
1,35
1,35
1,35
1,35
1,35
1,35
1,35
1,35
1,35
1,35
1,35
1,35
1,35
1,35
1,35
1,35
1,35
1,35
1,35
1,35
1,35
1,35
1,35
1,35
1,35
1,35
1,35
1,35
1,35
1,35
1,35
1,35
1,35
1,35
1,35
1,35
1,35
1,35
1,35
1,35
1,35
1,35
1,35
1,35
1,35
1,35
1,35
1,35
1,35
1,35
1,35
1,35
1,35
1,35
1,35
1,35
1,35
1,35
1,35
1,35
1,35
1,35
1,35
1,35
1,35
1,35
1,35
1,35
1,35
1,35
1,35
1,35
1,35
1,35
1,35
1,35
1,35
1,35
1,35
1,35
1,35
1,35
1,35
1,35
1,35
1,35
1,35
1,35
1,35
1,35
1,35
1,35
1,35
1,35
1,35
1,35
1,35
1,35
1,35
1,35
1,35
1,35
1,35
1,35
1,35
1,35
1,35
1,35
1,35
1,35
1,35
1,35
1,35
1,35
1,35
1,35
1,35
1,35
1,35
1,35
1,35
1,35
1,35
1,35
1,35
1,35
1,35
1,35
1,35
1,35
1,35
1,35
1,35
1,35
1,35
1,35
1,35
1,35
1,35
1,35
1,35
1,35
1,35
1,35
1,35
1,35
1,35
1,35
1,35
1,35
1,35
1,35
1,35
1,35
1,35
1,35
1,35
1,35
1,35
1,35
1,35
1,35
1,35
1,35
1,35
1,35
1,35
1,35
1,35
1,35
1,35
1,35
1,35
1,35
1,35
1,35
1,35
1,35
1,35
1,35
1,35
1,35
1,35
1,35
1,35
1,35
1,35
1,35
1,35
1,35
1,35
1,35
1,35
1,35
1,35
1,35
1,35
1,35
1,35
1,35
1,35
1,35
1,35
1,35
1,35
1,35
1,35
1,35
1,35
1,35
1,35
1,35
1,35
1,35
1,35
1,35
1,35
1,35
1,35
1,35
1,35
1,35
1,35
1,35
1,35
1,35
1,35
1,35
1,35
1,35
1,35
1,35
1,35
1,35
1,35
1,35
1,35
2,35
2,35
2,35
2,35
2,35
2,35
2,35
2,35
2,35
2,35
2,35
2,35
2,35
2,35
2,35
2,35
2,35
2,35
2,35
2,35
2,35
2,35
2,35
2,35
2,35
2,35
2,35
2,35
2,35
2,35
2,35
2,35
2,35
2,35
2,35
2,35
2,35
2,35
2,35
2,35
2,35
2,35
2,35
2,35
2,35
2,35
2,35
2,35
2,35
2,35
2,35
2,35
2,35
2,35
2,35
2,35
2,35
2,35
2,35
2,35
2,35
2,35
2,35
2,35
2,35
2,35
2,35
2,35
2,35
2,35
2,35
2,35
2,35
2,35
2,35
2,35
2,35
2,35
2,35
2,35
2,35
2,35
2,35
2,35
2,35
2,35
2,35
2,35
2,35
2,35
2,35
2,35
2,35
2,35
2,35
2,35
2,35
2,35
2,35
2,35
2,35
2,35
2,35
2,35
2,35
2,35
2,35
2,35
2,35
2,35
2,35
2,35
2,35
2,35
2,35
2,35
2,35
2,35
2,35
2,35
2,35
2,35
2,35
2,35
2,35
2,35
2,35
2,35
2,35
2,35
2,35
2,35
2,35
2,35
2,35
2,35
2,35
2,35
2,35
2,35
2,35
2,35
2,35
2,35
2,35
2,35
2,35
2,35
2,35
2,35
2,35
2,35
2,35
2,35
2,35
2,35
2,35
2,35
2,35
2,35
2,35
2,35
2,35
2,35
2,35
2,35
2,35
2,35
2,35
2,35
2,35
2,35
2,35
2,35
2,35
2,35
2,35
2,35
2,35
2,35
2,35
2,35
2,35
2,35
2,35
2,35
2,35
2,35
2,35
2,35
2,35
2,35
2,35
2,35
2,35
2,35
2,35
2,35
2,35
2,35
2,35
2,35
2,35
2,35
2,35
2,35
2,35
2,35
2,35
2,35
2,35
2,35
2,35
2,35
2,35
2,35
2,35
2,35
2,35
2,35
2,35
2,35
2,35
2,35
2,35
2,35
2,35
2,35
2,35
2,35
2,35
2,35
2,35
2,35
2,35
2,35
2,35
2,35
2,35
2,35
2,35
2,35
2,35
2,35
2,35
2,35
2,35
2,35
2,35
2,35
2,35
2,35
2,35
2,35
2,35
2,35
2,35
2,35
2,35
2,35
2,35
2,35
2,35
2,35
2,35
2,35
2,35
2,35
2,35
2,35
2,35
2,35
2,35
2,35
2,35
2,35
2,35
2,35
2,35
2,35
2,35
2,35
2,35
2,35
2,35
2,35
2,35
2,35
2,35
2,35
2,35
2,35
2,35
2,35
2,35
2,35
2,35
2,35
2,35
2,35
2,35
2,35
2,35
2,35
2,35
2,35
2,35
2,35
2,35
2,35
2,35
2,35
2,35
2,35
2,35
2,35
2,35
2,35
2,35
2,35
2,35
2,35
2,35
2,35
2,35
2,35
2,35
2,35
2,35
2,35
2,35
2,35
2,35
2,35
2,35
2,35
2,35
2,35
2,35
2,35
2,35
2,35
2,35
2,35
2,35
2,35
2,35
2,35
2,35
2,35
2,35
2,35
2,35
2,35
2,35
2,35
2,35
2,35
2,35
2,35
2,35
2,35
2,35
2,35
2,35
2,35
2,35
2,35
2,35
2,35
2,35
2,35
2,35
2,35
2,35
2,35
2,35
2,35
2,35
2,35
2,35
2,35
2,35
2,35
2,35
2,35
2,35
2,35
2,35
2,35
2,35
2,35
2,35
2,35
2,35
2,35
2,35
2,35
2,35
2,35
2,35
2,35
2,35
2,35
2,35
2,35
2,35
2,35
2,35
2,35
2,35
2,35
2,35
2,35
2,35
2,35
2,35
2,35
2,35
2,35
2,35
2,35
2,35
2,35
2,35
2,35
2,35
2,35
2,35
2,35
2,35
2,35
2,35
2,35
2,35
2,35
2,35
2,35
2,35
2,35
2,35
2,35
2,35
2,35
2,35
2,35
2,35
2,35
2,35
2,35
2,35
2,35
2,35
2,35
2,35
2,35
2,35
2,35
2,35
2,35
2,35
2,35
2,35
2,35
2,35
2,35
2,35
2,35
2,35
2,35
2,35
2,35
2,35
2,35
2,35
2,35
2,35
2,35
2,35
2,35
2,35
2,35
2,35
2,35
2,35
2,35
2,35
2,35
2,35
2,35
2,35
2,35
2,35
2,35
2,35
2,35
2,35
2,35
2,35
2,35
2,35
2,35
2,35
2,35
2,35
2,35
2,35
2,35
2,35
2,35
2,35
2,35
2,35
2,35
2,35
2,35
2,35
2,35
2,35
2,35
2,35
2,35
2,35
2,35
2,35
2,35
2,35
2,35
2,35
2,35
2,35
2,35
2,35
2,35
2,35
2,35
2,35
2,35
2,35
2,35
2,35
2,35
2,35
2,35
2,35
2,35
2,35
2,35
2,35
2,35
2,35
2,35
2,35
2,35
2,35
2,35
2,35
2,35
2,35
2,35
2,35
2,35
2,35
2,35
2,35
2,35
2,35
2,35
2,35
2,35
2,35
2,35
2,35
2,35
2,35
2,35
2,35
2,35
2,35
2,35
2,35
2,35
2,35
2,35
2,35
2,35
2,35
2,35
2,35
2,35
2,35
2,35
2,35
2,35
2,35
2,35
2,35
2,35
2,35
2,35
2,35
2,35
2,35
2,35
2,35
2,35
2,35
2,35
2,35
2,35
2,35
2,35
2,35
2,35
2,35
2,35
2,35
2,35
2,35
2,35
2,35
2,35
2,35
2,35
2,35
2,35
2,35
2,35
2,35
2,35
2,35
2,35
2,35
2,35
2,35
2,35
2,35
2,35
2,35
2,35
2,35
2,35
2,35
2,35
2,35
2,35
2,35
2,35
2,35
2,35
2,35
2,35
2,35
2,35
2,35
2,35
2,35
2,35
2,35
2,35
2,35
2,35
2,35
2,35
2,35
2,35
2,35
2,35
2,35
2,35
2,35
2,35
2,35
2,35
2,35
2,35
2,35
2,35
2,35
2,35
2,35
2,35
2,35
2,35
2,35
2,35
2,35
2,35
2,35
2,35
2,35
2,35
2,35
2,35
2,35
2,35
2,35
2,35
2,35
2,35
2,35
2,35
2,35
2,35
2,35
2,35
2,35
2,35
2,35
2,35
2,35
2,35
2,35
2,35
2,35
2,35
2,35
2,35
2,35
2,35
2,35
2,35
2,35
2,35
2,35
2,35
2,35
2,35
2,35
2,35
2,35
2,35
2,35
2,35
2,35
2,35
2,35
2,35
2,35
3,35
3,35
3,35
3,35
3,35
3,35
3,35
3,35
3,35
3,35
3,35
3,35
3,35
3,35
3,35
3,35
3,35
3,35
3,35
3,35
3,35
3,35
3,35
3,35
3,35
3,35
3,35
3,35
3,35
3,35
3,35
3,35
3,35
3,35
3,35
3,35
3,35
3,35
3,35
3,35
3,35
3,35
3,35
3,35
3,35
3,35
3,35
3,35
3,35
3,35
3,35
3,35
3,35
3,35
3,35
3,35
3,35
3,35
3,35
3,35
3,35
3,35
3,35
3,35
3,35
3,35
3,35
3,35
3,35
3,35
3,35
3,35
4,35
4,35
4,35
4,35
4,35
4,35
4,35
4,35
4,35
4,35
4,35
4,35
4,35
4,35
4,35
4,35
4,35
4,35
4,35
4,35
4,35
4,35
4,35
4,35
4,35
4,35
4,35
4,35
4,35
4,35
4,35
4,35
4,35
4,35
4,35
4,35
4,35
4,35
4,35
4,35
4,35
4,35
4,35
4,35
4,35
4,35
4,35
4,35
4,35
4,35
4,35
4,35
4,35
4,35
4,35
4,35
4,35
4,35
4,35
4,35
4,35
4,35
4,35
4,35
4,35
4,35
4,35
4,35
4,35
4,35
4,35
4,35
4,35
4,35
4,35
4,35
4,35
4,35
4,35
4,35
4,35
4,35
4,35
4,35
4,35
4,35
4,35
4,35
5,35
5,35
5,35
5,35
5,35
5,35
5,35
5,35
5,35
5,35
5,35
5,35
5,35
5,35
5,35
6,35
6,35
6,35
6,35
6,35
6,35
6,35
6,35
6,35
6,35
6,35
6,35
6,35
6,35
6,35
6,35
6,35
6,35
6,35
6,35
6,35
6,35
6,35
6,35
6,35
6,35
6,35
7,35
7,35
7,35
7,35
7,35
7,35
7,35
7,35
7,35
7,35
7,35
7,35
8,35
8,35
1,42
1,42
1,42
1,42
1,42
1,42
1,42
1,42
1,42
1,42
1,42
1,42
1,42
1,42
1,42
1,42
1,42
1,42
1,42
1,42
1,42
1,42
1,42
1,42
1,42
1,42
1,42
1,42
1,42
1,42
1,42
1,42
1,42
1,42
1,42
1,42
1,42
1,42
1,42
1,42
1,42
1,42
1,42
1,42
1,42
1,42
1,42
1,42
1,42
1,42
1,42
1,42
1,42
1,42
1,42
1,42
1,42
1,42
1,42
1,42
1,42
1,42
1,42
1,42
1,42
1,42
1,42
1,42
1,42
1,42
1,42
1,42
1,42
1,42
1,42
1,42
1,42
1,42
1,42
1,42
1,42
1,42
1,42
1,42
1,42
1,42
1,42
1,42
1,42
1,42
1,42
1,42
1,42
1,42
1,42
1,42
1,42
1,42
1,42
1,42
1,42
1,42
1,42
1,42
1,42
1,42
1,42
1,42
1,42
1,42
1,42
1,42
1,42
1,42
1,42
1,42
1,42
1,42
1,42
1,42
1,42
1,42
1,42
1,42
1,42
1,42
1,42
1,42
1,42
1,42
1,42
1,42
1,42
1,42
1,42
1,42
1,42
1,42
1,42
1,42
1,42
1,42
1,42
1,42
1,42
1,42
1,42
1,42
1,42
1,42
1,42
1,42
1,42
1,42
1,42
1,42
1,42
1,42
1,42
1,42
1,42
1,42
1,42
1,42
1,42
1,42
1,42
1,42
1,42
1,42
1,42
1,42
1,42
1,42
1,42
1,42
1,42
1,42
1,42
1,42
1,42
1,42
1,42
1,42
1,42
1,42
1,42
1,42
1,42
1,42
1,42
1,42
1,42
1,42
1,42
1,42
1,42
1,42
1,42
1,42
1,42
1,42
1,42
1,42
1,42
1,42
1,42
1,42
1,42
1,42
1,42
1,42
1,42
1,42
1,42
1,42
1,42
1,42
1,42
1,42
1,42
1,42
1,42
1,42
1,42
1,42
1,42
1,42
1,42
1,42
1,42
1,42
1,42
1,42
1,42
1,42
1,42
1,42
1,42
1,42
1,42
1,42
1,42
1,42
1,42
1,42
1,42
1,42
1,42
1,42
1,42
1,42
1,42
1,42
1,42
1,42
1,42
1,42
1,42
1,42
1,42
1,42
1,42
1,42
1,42
1,42
1,42
1,42
1,42
1,42
1,42
1,42
1,42
1,42
1,42
1,42
1,42
1,42
1,42
1,42
1,42
1,42
1,42
1,42
1,42
1,42
1,42
1,42
1,42
1,42
1,42
1,42
1,42
1,42
1,42
1,42
1,42
1,42
1,42
1,42
1,42
1,42
1,42
1,42
1,42
1,42
1,42
1,42
1,42
1,42
1,42
1,42
1,42
1,42
1,42
1,42
1,42
1,42
1,42
1,42
1,42
1,42
1,42
1,42
1,42
1,42
1,42
1,42
1,42
1,42
1,42
1,42
1,42
1,42
1,42
1,42
1,42
1,42
1,42
1,42
1,42
1,42
1,42
1,42
1,42
1,42
1,42
1,42
1,42
1,42
1,42
1,42
1,42
1,42
1,42
1,42
1,42
1,42
1,42
1,42
1,42
1,42
1,42
1,42
1,42
1,42
1,42
1,42
1,42
1,42
1,42
1,42
1,42
1,42
1,42
1,42
1,42
1,42
1,42
1,42
1,42
1,42
1,42
1,42
1,42
1,42
1,42
1,42
1,42
1,42
1,42
1,42
1,42
1,42
1,42
1,42
1,42
1,42
1,42
1,42
1,42
1,42
1,42
1,42
1,42
1,42
1,42
1,42
1,42
1,42
1,42
1,42
1,42
1,42
1,42
1,42
1,42
1,42
1,42
1,42
1,42
1,42
1,42
1,42
1,42
1,42
1,42
1,42
1,42
1,42
1,42
1,42
1,42
1,42
1,42
1,42
1,42
1,42
1,42
1,42
1,42
1,42
1,42
1,42
1,42
1,42
1,42
1,42
1,42
1,42
1,42
1,42
1,42
1,42
1,42
1,42
1,42
1,42
1,42
1,42
1,42
1,42
1,42
1,42
1,42
1,42
1,42
1,42
1,42
1,42
1,42
1,42
1,42
1,42
1,42
1,42
1,42
1,42
1,42
1,42
1,42
1,42
1,42
1,42
1,42
1,42
1,42
1,42
1,42
1,42
1,42
1,42
1,42
1,42
1,42
1,42
1,42
1,42
1,42
1,42
1,42
1,42
1,42
1,42
1,42
1,42
1,42
1,42
1,42
1,42
1,42
1,42
1,42
1,42
1,42
1,42
1,42
1,42
1,42
1,42
1,42
1,42
1,42
1,42
1,42
1,42
1,42
1,42
1,42
1,42
1,42
1,42
1,42
1,42
1,42
1,42
1,42
1,42
1,42
1,42
1,42
1,42
1,42
1,42
1,42
1,42
1,42
1,42
1,42
1,42
1,42
1,42
1,42
1,42
1,42
1,42
1,42
1,42
1,42
1,42
1,42
1,42
1,42
1,42
1,42
1,42
1,42
1,42
1,42
1,42
1,42
1,42
1,42
1,42
1,42
1,42
1,42
1,42
1,42
1,42
1,42
1,42
1,42
1,42
1,42
1,42
1,42
1,42
1,42
1,42
1,42
1,42
1,42
1,42
1,42
1,42
1,42
1,42
1,42
1,42
1,42
1,42
1,42
1,42
1,42
1,42
1,42
1,42
1,42
1,42
1,42
1,42
1,42
1,42
1,42
1,42
1,42
1,42
1,42
1,42
1,42
1,42
1,42
1,42
1,42
1,42
1,42
1,42
1,42
1,42
1,42
1,42
1,42
1,42
1,42
1,42
1,42
1,42
1,42
1,42
1,42
1,42
1,42
1,42
1,42
1,42
1,42
1,42
1,42
1,42
1,42
1,42
1,42
1,42
1,42
1,42
1,42
1,42
1,42
1,42
1,42
1,42
1,42
1,42
1,42
1,42
1,42
1,42
1,42
1,42
1,42
1,42
1,42
1,42
1,42
1,42
1,42
1,42
1,42
1,42
1,42
1,42
1,42
1,42
1,42
1,42
1,42
1,42
1,42
1,42
1,42
1,42
1,42
1,42
1,42
1,42
1,42
1,42
1,42
1,42
1,42
1,42
1,42
1,42
1,42
1,42
1,42
1,42
1,42
1,42
1,42
1,42
1,42
1,42
1,42
1,42
1,42
1,42
1,42
1,42
1,42
1,42
1,42
1,42
1,42
1,42
1,42
1,42
1,42
1,42
1,42
1,42
1,42
1,42
1,42
1,42
1,42
1,42
1,42
1,42
1,42
1,42
1,42
1,42
1,42
1,42
1,42
1,42
1,42
1,42
1,42
1,42
1,42
1,42
1,42
1,42
1,42
1,42
1,42
1,42
1,42
1,42
1,42
1,42
1,42
1,42
1,42
1,42
1,42
1,42
1,42
1,42
1,42
1,42
1,42
1,42
1,42
1,42
1,42
1,42
1,42
1,42
1,42
1,42
1,42
1,42
1,42
1,42
1,42
1,42
1,42
1,42
1,42
1,42
1,42
1,42
1,42
1,42
1,42
1,42
1,42
1,42
1,42
1,42
1,42
1,42
1,42
1,42
1,42
1,42
1,42
1,42
1,42
1,42
1,42
1,42
1,42
1,42
1,42
1,42
1,42
1,42
1,42
1,42
1,42
1,42
1,42
1,42
1,42
1,42
1,42
1,42
1,42
1,42
1,42
1,42
1,42
1,42
1,42
1,42
1,42
1,42
1,42
1,42
1,42
1,42
1,42
1,42
1,42
1,42
1,42
1,42
1,42
1,42
1,42
1,42
1,42
1,42
1,42
1,42
1,42
1,42
1,42
1,42
1,42
1,42
1,42
1,42
1,42
1,42
1,42
1,42
1,42
1,42
1,42
1,42
1,42
1,42
1,42
1,42
1,42
1,42
1,42
1,42
1,42
1,42
1,42
1,42
1,42
1,42
1,42
1,42
1,42
1,42
1,42
1,42
1,42
1,42
1,42
1,42
1,42
1,42
1,42
1,42
1,42
1,42
1,42
1,42
1,42
1,42
1,42
1,42
1,42
1,42
1,42
1,42
1,42
1,42
1,42
1,42
1,42
1,42
1,42
1,42
1,42
1,42
1,42
1,42
1,42
1,42
1,42
1,42
1,42
1,42
1,42
1,42
1,42
1,42
1,42
1,42
1,42
1,42
1,42
1,42
1,42
1,42
1,42
1,42
1,42
1,42
1,42
1,42
1,42
1,42
1,42
1,42
1,42
1,42
1,42
1,42
1,42
1,42
1,42
1,42
1,42
1,42
1,42
1,42
1,42
1,42
1,42
1,42
1,42
1,42
1,42
1,42
1,42
1,42
1,42
1,42
1,42
1,42
1,42
1,42
1,42
1,42
1,42
1,42
1,42
1,42
1,42
1,42
1,42
1,42
1,42
1,42
1,42
1,42
1,42
1,42
1,42
1,42
1,42
1,42
1,42
1,42
1,42
1,42
1,42
1,42
1,42
1,42
1,42
1,42
1,42
1,42
1,42
1,42
1,42
1,42
1,42
1,42
1,42
1,42
1,42
1,42
1,42
1,42
1,42
1,42
1,42
1,42
1,42
1,42
1,42
1,42
1,42
1,42
1,42
1,42
1,42
1,42
1,42
1,42
1,42
1,42
1,42
1,42
1,42
1,42
1,42
1,42
1,42
1,42
1,42
1,42
1,42
1,42
1,42
1,42
1,42
1,42
1,42
1,42
1,42
1,42
1,42
1,42
1,42
1,42
1,42
1,42
1,42
1,42
1,42
1,42
1,42
1,42
1,42
1,42
1,42
1,42
1,42
1,42
1,42
1,42
1,42
1,42
1,42
1,42
1,42
1,42
1,42
1,42
1,42
1,42
1,42
1,42
1,42
1,42
1,42
1,42
2,42
2,42
2,42
2,42
2,42
2,42
2,42
2,42
2,42
2,42
2,42
2,42
2,42
2,42
2,42
2,42
2,42
2,42
2,42
2,42
2,42
2,42
2,42
2,42
2,42
2,42
2,42
2,42
2,42
2,42
2,42
2,42
2,42
2,42
2,42
2,42
2,42
2,42
2,42
2,42
2,42
2,42
2,42
2,42
2,42
2,42
2,42
2,42
2,42
2,42
2,42
2,42
2,42
2,42
2,42
2,42
2,42
2,42
2,42
2,42
2,42
2,42
2,42
2,42
2,42
2,42
2,42
2,42
2,42
2,42
2,42
2,42
2,42
2,42
2,42
2,42
2,42
2,42
2,42
2,42
2,42
2,42
2,42
2,42
2,42
2,42
2,42
2,42
2,42
2,42
2,42
2,42
2,42
2,42
2,42
2,42
2,42
2,42
2,42
2,42
2,42
2,42
2,42
2,42
2,42
2,42
2,42
2,42
2,42
2,42
2,42
2,42
2,42
2,42
2,42
2,42
2,42
2,42
2,42
2,42
2,42
2,42
2,42
2,42
2,42
2,42
2,42
2,42
2,42
2,42
2,42
2,42
2,42
2,42
2,42
2,42
2,42
2,42
2,42
2,42
2,42
2,42
2,42
2,42
2,42
2,42
2,42
2,42
2,42
2,42
2,42
2,42
2,42
2,42
2,42
2,42
2,42
2,42
2,42
2,42
2,42
2,42
2,42
2,42
2,42
2,42
2,42
2,42
2,42
2,42
2,42
2,42
2,42
2,42
2,42
2,42
2,42
2,42
2,42
2,42
2,42
2,42
2,42
2,42
2,42
2,42
2,42
2,42
2,42
2,42
2,42
2,42
2,42
2,42
2,42
2,42
2,42
2,42
2,42
2,42
2,42
2,42
2,42
2,42
2,42
2,42
2,42
2,42
2,42
2,42
2,42
2,42
2,42
2,42
2,42
2,42
2,42
2,42
2,42
2,42
2,42
2,42
2,42
2,42
2,42
2,42
2,42
2,42
2,42
2,42
2,42
2,42
2,42
2,42
2,42
2,42
2,42
2,42
2,42
2,42
2,42
2,42
2,42
2,42
2,42
2,42
2,42
2,42
2,42
2,42
2,42
2,42
2,42
2,42
2,42
2,42
2,42
2,42
2,42
2,42
2,42
2,42
2,42
2,42
2,42
2,42
2,42
2,42
2,42
2,42
2,42
2,42
2,42
2,42
2,42
2,42
2,42
2,42
2,42
2,42
2,42
2,42
2,42
2,42
2,42
2,42
2,42
2,42
2,42
2,42
2,42
2,42
2,42
2,42
2,42
2,42
2,42
2,42
2,42
2,42
2,42
2,42
2,42
2,42
2,42
2,42
2,42
2,42
2,42
2,42
2,42
2,42
2,42
2,42
2,42
2,42
2,42
2,42
2,42
2,42
2,42
2,42
2,42
2,42
2,42
2,42
2,42
2,42
2,42
2,42
2,42
2,42
2,42
2,42
2,42
2,42
2,42
2,42
2,42
2,42
2,42
2,42
2,42
2,42
2,42
2,42
2,42
2,42
2,42
2,42
2,42
2,42
2,42
2,42
2,42
2,42
2,42
2,42
2,42
2,42
2,42
2,42
2,42
2,42
2,42
2,42
2,42
2,42
2,42
2,42
2,42
2,42
2,42
2,42
2,42
2,42
2,42
2,42
2,42
2,42
2,42
2,42
2,42
2,42
2,42
2,42
2,42
2,42
2,42
2,42
2,42
2,42
2,42
2,42
2,42
2,42
2,42
2,42
2,42
2,42
2,42
2,42
2,42
2,42
2,42
2,42
2,42
2,42
2,42
2,42
2,42
2,42
2,42
2,42
2,42
2,42
2,42
2,42
2,42
2,42
2,42
2,42
2,42
2,42
2,42
2,42
2,42
2,42
2,42
2,42
2,42
2,42
2,42
2,42
2,42
2,42
2,42
2,42
2,42
2,42
2,42
2,42
2,42
2,42
2,42
2,42
2,42
2,42
2,42
2,42
2,42
2,42
2,42
2,42
2,42
2,42
2,42
2,42
2,42
2,42
2,42
2,42
2,42
2,42
2,42
2,42
2,42
2,42
2,42
2,42
2,42
2,42
2,42
2,42
2,42
2,42
2,42
2,42
2,42
2,42
2,42
2,42
2,42
2,42
2,42
2,42
2,42
2,42
2,42
2,42
2,42
2,42
2,42
2,42
2,42
2,42
2,42
2,42
2,42
2,42
2,42
2,42
2,42
2,42
2,42
2,42
2,42
2,42
2,42
2,42
2,42
2,42
2,42
2,42
2,42
2,42
2,42
2,42
2,42
2,42
2,42
2,42
2,42
2,42
2,42
2,42
2,42
2,42
2,42
2,42
2,42
2,42
2,42
2,42
2,42
2,42
2,42
2,42
2,42
2,42
2,42
2,42
2,42
2,42
2,42
2,42
2,42
2,42
2,42
2,42
2,42
2,42
2,42
2,42
2,42
2,42
2,42
2,42
2,42
2,42
2,42
2,42
2,42
2,42
2,42
2,42
2,42
2,42
2,42
2,42
2,42
2,42
2,42
2,42
2,42
2,42
2,42
2,42
2,42
2,42
2,42
2,42
2,42
2,42
2,42
2,42
2,42
2,42
2,42
2,42
2,42
2,42
2,42
2,42
2,42
2,42
2,42
2,42
2,42
2,42
2,42
2,42
2,42
2,42
2,42
2,42
2,42
2,42
2,42
2,42
2,42
2,42
2,42
2,42
2,42
2,42
2,42
2,42
2,42
2,42
2,42
2,42
2,42
2,42
2,42
2,42
2,42
2,42
2,42
2,42
2,42
2,42
2,42
2,42
2,42
2,42
2,42
2,42
2,42
2,42
2,42
2,42
2,42
2,42
2,42
2,42
2,42
2,42
2,42
2,42
2,42
2,42
2,42
2,42
2,42
2,42
2,42
2,42
2,42
2,42
2,42
2,42
2,42
2,42
2,42
2,42
2,42
2,42
2,42
2,42
2,42
2,42
2,42
2,42
2,42
2,42
2,42
2,42
2,42
2,42
2,42
2,42
2,42
2,42
2,42
2,42
2,42
2,42
2,42
2,42
2,42
2,42
2,42
2,42
2,42
2,42
2,42
2,42
2,42
2,42
2,42
2,42
2,42
2,42
2,42
2,42
2,42
2,42
2,42
2,42
2,42
2,42
2,42
2,42
2,42
2,42
2,42
2,42
2,42
2,42
2,42
2,42
2,42
2,42
2,42
2,42
2,42
2,42
2,42
2,42
2,42
2,42
2,42
2,42
2,42
2,42
2,42
2,42
2,42
2,42
2,42
2,42
2,42
2,42
2,42
2,42
2,42
2,42
2,42
2,42
2,42
2,42
2,42
2,42
2,42
2,42
2,42
2,42
2,42
2,42
2,42
2,42
2,42
2,42
2,42
2,42
2,42
2,42
2,42
2,42
2,42
2,42
2,42
2,42
2,42
2,42
2,42
2,42
2,42
2,42
2,42
2,42
2,42
2,42
2,42
2,42
2,42
2,42
2,42
2,42
2,42
2,42
2,42
2,42
2,42
2,42
2,42
2,42
2,42
2,42
2,42
2,42
2,42
2,42
2,42
2,42
2,42
2,42
2,42
2,42
2,42
2,42
2,42
2,42
2,42
2,42
2,42
2,42
2,42
2,42
2,42
2,42
2,42
2,42
2,42
2,42
2,42
2,42
2,42
2,42
2,42
2,42
2,42
2,42
2,42
2,42
2,42
2,42
2,42
2,42
2,42
2,42
2,42
2,42
2,42
2,42
2,42
2,42
2,42
2,42
2,42
2,42
2,42
2,42
2,42
2,42
2,42
2,42
2,42
2,42
2,42
3,42
3,42
3,42
3,42
3,42
3,42
3,42
3,42
3,42
3,42
3,42
3,42
3,42
3,42
3,42
3,42
3,42
3,42
3,42
3,42
3,42
3,42
3,42
3,42
3,42
3,42
3,42
3,42
3,42
3,42
3,42
3,42
3,42
3,42
3,42
3,42
3,42
3,42
3,42
3,42
3,42
3,42
3,42
3,42
3,42
3,42
3,42
3,42
3,42
3,42
3,42
3,42
3,42
3,42
3,42
3,42
3,42
3,42
3,42
3,42
3,42
3,42
3,42
3,42
3,42
3,42
3,42
3,42
3,42
3,42
3,42
3,42
3,42
3,42
3,42
3,42
3,42
3,42
3,42
3,42
3,42
3,42
3,42
3,42
3,42
3,42
4,42
4,42
4,42
4,42
4,42
4,42
4,42
4,42
4,42
4,42
4,42
4,42
4,42
4,42
4,42
4,42
4,42
4,42
4,42
4,42
4,42
4,42
4,42
4,42
4,42
4,42
4,42
4,42
4,42
4,42
4,42
4,42
4,42
4,42
4,42
4,42
4,42
4,42
4,42
4,42
4,42
4,42
4,42
4,42
4,42
4,42
4,42
4,42
4,42
4,42
4,42
4,42
4,42
4,42
4,42
4,42
4,42
4,42
4,42
4,42
4,42
4,42
4,42
4,42
4,42
4,42
4,42
4,42
4,42
4,42
4,42
4,42
4,42
4,42
4,42
4,42
4,42
4,42
4,42
4,42
4,42
4,42
4,42
4,42
4,42
4,42
4,42
4,42
4,42
4,42
4,42
4,42
4,42
4,42
4,42
4,42
4,42
4,42
4,42
4,42
4,42
4,42
4,42
4,42
4,42
4,42
4,42
4,42
4,42
4,42
4,42
4,42
4,42
4,42
4,42
4,42
4,42
4,42
4,42
4,42
4,42
4,42
4,42
4,42
4,42
4,42
4,42
4,42
4,42
5,42
5,42
5,42
5,42
5,42
5,42
5,42
5,42
5,42
5,42
5,42
5,42
5,42
5,42
5,42
5,42
5,42
5,42
5,42
5,42
5,42
5,42
5,42
5,42
5,42
5,42
5,42
6,42
6,42
6,42
6,42
6,42
6,42
6,42
6,42
6,42
6,42
6,42
6,42
6,42
6,42
6,42
6,42
6,42
6,42
6,42
6,42
6,42
6,42
6,42
6,42
6,42
6,42
6,42
6,42
6,42
6,42
6,42
6,42
7,42
7,42
7,42
7,42
7,42
7,42
7,42
7,42
7,42
7,42
7,42
7,42
7,42
7,42
7,42
8,42
8,42
1,49
1,49
1,49
1,49
1,49
1,49
1,49
1,49
1,49
1,49
1,49
1,49
1,49
1,49
1,49
1,49
1,49
1,49
1,49
1,49
1,49
1,49
1,49
1,49
1,49
1,49
1,49
1,49
1,49
1,49
1,49
1,49
1,49
1,49
1,49
1,49
1,49
1,49
1,49
1,49
1,49
1,49
1,49
1,49
1,49
1,49
1,49
1,49
1,49
1,49
1,49
1,49
1,49
1,49
1,49
1,49
1,49
1,49
1,49
1,49
1,49
1,49
1,49
1,49
1,49
1,49
1,49
1,49
1,49
1,49
1,49
1,49
1,49
1,49
1,49
1,49
1,49
1,49
1,49
1,49
1,49
1,49
1,49
1,49
1,49
1,49
1,49
1,49
1,49
1,49
1,49
1,49
1,49
1,49
1,49
1,49
1,49
1,49
1,49
1,49
1,49
1,49
1,49
1,49
1,49
1,49
1,49
1,49
1,49
1,49
1,49
1,49
1,49
1,49
1,49
1,49
1,49
1,49
1,49
1,49
1,49
1,49
1,49
1,49
1,49
1,49
1,49
1,49
1,49
1,49
1,49
1,49
1,49
1,49
1,49
1,49
1,49
1,49
1,49
1,49
1,49
1,49
1,49
1,49
1,49
1,49
1,49
1,49
1,49
1,49
1,49
1,49
1,49
1,49
1,49
1,49
1,49
1,49
1,49
1,49
1,49
1,49
1,49
1,49
1,49
1,49
1,49
1,49
1,49
1,49
1,49
1,49
1,49
1,49
1,49
1,49
1,49
1,49
1,49
1,49
1,49
1,49
1,49
1,49
1,49
1,49
1,49
1,49
1,49
1,49
1,49
1,49
1,49
1,49
1,49
1,49
1,49
1,49
1,49
1,49
1,49
1,49
1,49
1,49
1,49
1,49
1,49
1,49
1,49
1,49
1,49
1,49
1,49
1,49
1,49
1,49
1,49
1,49
1,49
1,49
1,49
1,49
1,49
1,49
1,49
1,49
1,49
1,49
1,49
1,49
1,49
1,49
1,49
1,49
1,49
1,49
1,49
1,49
1,49
1,49
1,49
1,49
1,49
1,49
1,49
1,49
1,49
1,49
1,49
1,49
1,49
1,49
1,49
1,49
1,49
1,49
1,49
1,49
1,49
1,49
1,49
1,49
1,49
1,49
1,49
1,49
1,49
1,49
1,49
1,49
1,49
1,49
1,49
1,49
1,49
1,49
1,49
1,49
1,49
1,49
1,49
1,49
1,49
1,49
1,49
1,49
1,49
1,49
1,49
1,49
1,49
1,49
1,49
1,49
1,49
1,49
1,49
1,49
1,49
1,49
1,49
1,49
1,49
1,49
1,49
1,49
1,49
1,49
1,49
1,49
1,49
1,49
1,49
1,49
1,49
1,49
1,49
1,49
1,49
1,49
1,49
1,49
1,49
1,49
1,49
1,49
1,49
1,49
1,49
1,49
1,49
1,49
1,49
1,49
1,49
1,49
1,49
1,49
1,49
1,49
1,49
1,49
1,49
1,49
1,49
1,49
1,49
1,49
1,49
1,49
1,49
1,49
1,49
1,49
1,49
1,49
1,49
1,49
1,49
1,49
1,49
1,49
1,49
1,49
1,49
1,49
1,49
1,49
1,49
1,49
1,49
1,49
1,49
1,49
1,49
1,49
1,49
1,49
1,49
1,49
1,49
1,49
1,49
1,49
1,49
1,49
1,49
1,49
1,49
1,49
1,49
1,49
1,49
1,49
1,49
1,49
1,49
1,49
1,49
1,49
1,49
1,49
1,49
1,49
1,49
1,49
1,49
1,49
1,49
1,49
1,49
1,49
1,49
1,49
1,49
1,49
1,49
1,49
1,49
1,49
1,49
1,49
1,49
1,49
1,49
1,49
1,49
1,49
1,49
1,49
1,49
1,49
1,49
1,49
1,49
1,49
1,49
1,49
1,49
1,49
1,49
1,49
1,49
1,49
1,49
1,49
1,49
1,49
1,49
1,49
1,49
1,49
1,49
1,49
1,49
1,49
1,49
1,49
1,49
1,49
1,49
1,49
1,49
1,49
1,49
1,49
1,49
1,49
1,49
1,49
1,49
1,49
1,49
1,49
1,49
1,49
1,49
1,49
1,49
1,49
1,49
1,49
1,49
1,49
1,49
1,49
1,49
1,49
1,49
1,49
1,49
1,49
1,49
1,49
1,49
1,49
1,49
1,49
1,49
1,49
1,49
1,49
1,49
1,49
1,49
1,49
1,49
1,49
1,49
1,49
1,49
1,49
1,49
1,49
1,49
1,49
1,49
1,49
1,49
1,49
1,49
1,49
1,49
1,49
1,49
1,49
1,49
1,49
1,49
1,49
1,49
1,49
1,49
1,49
1,49
1,49
1,49
1,49
1,49
1,49
1,49
1,49
1,49
1,49
1,49
1,49
1,49
1,49
1,49
1,49
1,49
1,49
1,49
1,49
1,49
1,49
1,49
1,49
1,49
1,49
1,49
1,49
1,49
1,49
1,49
1,49
1,49
1,49
1,49
1,49
1,49
1,49
1,49
1,49
1,49
1,49
1,49
1,49
1,49
1,49
1,49
1,49
1,49
1,49
1,49
1,49
1,49
1,49
1,49
1,49
1,49
1,49
1,49
1,49
1,49
1,49
1,49
1,49
1,49
1,49
1,49
1,49
1,49
1,49
1,49
1,49
1,49
1,49
1,49
1,49
1,49
1,49
1,49
1,49
1,49
1,49
1,49
1,49
1,49
1,49
1,49
1,49
1,49
1,49
1,49
1,49
1,49
1,49
1,49
1,49
1,49
1,49
1,49
1,49
1,49
1,49
1,49
1,49
1,49
1,49
1,49
1,49
1,49
1,49
1,49
1,49
1,49
1,49
1,49
1,49
1,49
1,49
1,49
1,49
1,49
1,49
1,49
1,49
1,49
1,49
1,49
1,49
1,49
1,49
1,49
1,49
1,49
1,49
1,49
1,49
1,49
1,49
1,49
1,49
1,49
1,49
1,49
1,49
1,49
1,49
1,49
1,49
1,49
1,49
1,49
1,49
1,49
1,49
1,49
1,49
1,49
1,49
1,49
1,49
1,49
1,49
1,49
1,49
1,49
1,49
1,49
1,49
1,49
1,49
1,49
1,49
1,49
1,49
1,49
1,49
1,49
1,49
1,49
1,49
1,49
1,49
1,49
1,49
1,49
1,49
1,49
1,49
1,49
1,49
1,49
1,49
1,49
1,49
1,49
1,49
1,49
1,49
1,49
1,49
1,49
1,49
1,49
1,49
1,49
1,49
1,49
1,49
1,49
1,49
1,49
1,49
1,49
1,49
1,49
1,49
1,49
1,49
1,49
1,49
1,49
1,49
1,49
1,49
1,49
1,49
1,49
1,49
1,49
1,49
1,49
1,49
1,49
1,49
1,49
1,49
1,49
1,49
1,49
1,49
1,49
1,49
1,49
1,49
1,49
1,49
1,49
1,49
1,49
1,49
1,49
1,49
1,49
1,49
1,49
1,49
1,49
1,49
1,49
1,49
1,49
1,49
1,49
1,49
1,49
1,49
1,49
1,49
1,49
1,49
1,49
1,49
1,49
1,49
1,49
1,49
1,49
1,49
1,49
1,49
1,49
1,49
1,49
1,49
1,49
1,49
1,49
1,49
1,49
1,49
1,49
1,49
1,49
1,49
1,49
1,49
1,49
1,49
1,49
1,49
1,49
1,49
1,49
1,49
1,49
1,49
1,49
1,49
1,49
1,49
1,49
1,49
1,49
1,49
1,49
1,49
1,49
1,49
1,49
1,49
1,49
1,49
1,49
1,49
1,49
1,49
1,49
1,49
1,49
1,49
1,49
1,49
1,49
1,49
1,49
1,49
1,49
1,49
1,49
1,49
1,49
1,49
1,49
1,49
1,49
1,49
1,49
1,49
1,49
1,49
1,49
1,49
1,49
1,49
1,49
1,49
1,49
1,49
1,49
1,49
1,49
1,49
1,49
1,49
1,49
1,49
1,49
1,49
1,49
1,49
1,49
1,49
1,49
1,49
1,49
1,49
1,49
1,49
1,49
1,49
1,49
1,49
1,49
1,49
1,49
1,49
1,49
1,49
1,49
1,49
1,49
1,49
1,49
1,49
1,49
1,49
1,49
1,49
1,49
1,49
1,49
1,49
1,49
1,49
1,49
1,49
1,49
1,49
1,49
1,49
1,49
1,49
1,49
1,49
1,49
1,49
1,49
1,49
1,49
1,49
1,49
1,49
1,49
1,49
1,49
1,49
1,49
1,49
1,49
1,49
1,49
1,49
1,49
1,49
1,49
1,49
1,49
1,49
1,49
1,49
1,49
1,49
1,49
1,49
1,49
1,49
1,49
1,49
1,49
1,49
1,49
1,49
1,49
1,49
1,49
1,49
1,49
1,49
1,49
1,49
1,49
1,49
1,49
1,49
1,49
1,49
1,49
1,49
1,49
1,49
1,49
1,49
1,49
1,49
1,49
1,49
1,49
1,49
1,49
2,49
2,49
2,49
2,49
2,49
2,49
2,49
2,49
2,49
2,49
2,49
2,49
2,49
2,49
2,49
2,49
2,49
2,49
2,49
2,49
2,49
2,49
2,49
2,49
2,49
2,49
2,49
2,49
2,49
2,49
2,49
2,49
2,49
2,49
2,49
2,49
2,49
2,49
2,49
2,49
2,49
2,49
2,49
2,49
2,49
2,49
2,49
2,49
2,49
2,49
2,49
2,49
2,49
2,49
2,49
2,49
2,49
2,49
2,49
2,49
2,49
2,49
2,49
2,49
2,49
2,49
2,49
2,49
2,49
2,49
2,49
2,49
2,49
2,49
2,49
2,49
2,49
2,49
2,49
2,49
2,49
2,49
2,49
2,49
2,49
2,49
2,49
2,49
2,49
2,49
2,49
2,49
2,49
2,49
2,49
2,49
2,49
2,49
2,49
2,49
2,49
2,49
2,49
2,49
2,49
2,49
2,49
2,49
2,49
2,49
2,49
2,49
2,49
2,49
2,49
2,49
2,49
2,49
2,49
2,49
2,49
2,49
2,49
2,49
2,49
2,49
2,49
2,49
2,49
2,49
2,49
2,49
2,49
2,49
2,49
2,49
2,49
2,49
2,49
2,49
2,49
2,49
2,49
2,49
2,49
2,49
2,49
2,49
2,49
2,49
2,49
2,49
2,49
2,49
2,49
2,49
2,49
2,49
2,49
2,49
2,49
2,49
2,49
2,49
2,49
2,49
2,49
2,49
2,49
2,49
2,49
2,49
2,49
2,49
2,49
2,49
2,49
2,49
2,49
2,49
2,49
2,49
2,49
2,49
2,49
2,49
2,49
2,49
2,49
2,49
2,49
2,49
2,49
2,49
2,49
2,49
2,49
2,49
2,49
2,49
2,49
2,49
2,49
2,49
2,49
2,49
2,49
2,49
2,49
2,49
2,49
2,49
2,49
2,49
2,49
2,49
2,49
2,49
2,49
2,49
2,49
2,49
2,49
2,49
2,49
2,49
2,49
2,49
2,49
2,49
2,49
2,49
2,49
2,49
2,49
2,49
2,49
2,49
2,49
2,49
2,49
2,49
2,49
2,49
2,49
2,49
2,49
2,49
2,49
2,49
2,49
2,49
2,49
2,49
2,49
2,49
2,49
2,49
2,49
2,49
2,49
2,49
2,49
2,49
2,49
2,49
2,49
2,49
2,49
2,49
2,49
2,49
2,49
2,49
2,49
2,49
2,49
2,49
2,49
2,49
2,49
2,49
2,49
2,49
2,49
2,49
2,49
2,49
2,49
2,49
2,49
2,49
2,49
2,49
2,49
2,49
2,49
2,49
2,49
2,49
2,49
2,49
2,49
2,49
2,49
2,49
2,49
2,49
2,49
2,49
2,49
2,49
2,49
2,49
2,49
2,49
2,49
2,49
2,49
2,49
2,49
2,49
2,49
2,49
2,49
2,49
2,49
2,49
2,49
2,49
2,49
2,49
2,49
2,49
2,49
2,49
2,49
2,49
2,49
2,49
2,49
2,49
2,49
2,49
2,49
2,49
2,49
2,49
2,49
2,49
2,49
2,49
2,49
2,49
2,49
2,49
2,49
2,49
2,49
2,49
2,49
2,49
2,49
2,49
2,49
2,49
2,49
2,49
2,49
2,49
2,49
2,49
2,49
2,49
2,49
2,49
2,49
2,49
2,49
2,49
2,49
2,49
2,49
2,49
2,49
2,49
2,49
2,49
2,49
2,49
2,49
2,49
2,49
2,49
2,49
2,49
2,49
2,49
2,49
2,49
2,49
2,49
2,49
2,49
2,49
2,49
2,49
2,49
2,49
2,49
2,49
2,49
2,49
2,49
2,49
2,49
2,49
2,49
2,49
2,49
2,49
2,49
2,49
2,49
2,49
2,49
2,49
2,49
2,49
2,49
2,49
2,49
2,49
2,49
2,49
2,49
2,49
2,49
2,49
2,49
2,49
2,49
2,49
2,49
2,49
2,49
2,49
2,49
2,49
2,49
2,49
2,49
2,49
2,49
2,49
2,49
2,49
2,49
2,49
2,49
2,49
2,49
2,49
2,49
2,49
2,49
2,49
2,49
2,49
2,49
2,49
2,49
2,49
2,49
2,49
2,49
2,49
2,49
2,49
2,49
2,49
2,49
2,49
2,49
2,49
2,49
2,49
2,49
2,49
2,49
2,49
2,49
2,49
2,49
2,49
2,49
2,49
2,49
2,49
2,49
2,49
2,49
2,49
2,49
2,49
2,49
2,49
2,49
2,49
2,49
2,49
2,49
2,49
2,49
2,49
2,49
2,49
2,49
2,49
2,49
2,49
2,49
2,49
2,49
2,49
2,49
2,49
2,49
2,49
2,49
2,49
2,49
2,49
2,49
2,49
2,49
2,49
2,49
2,49
2,49
2,49
2,49
2,49
2,49
2,49
2,49
2,49
2,49
2,49
2,49
2,49
2,49
2,49
2,49
2,49
2,49
2,49
2,49
2,49
2,49
2,49
2,49
2,49
2,49
2,49
2,49
2,49
2,49
2,49
2,49
2,49
2,49
2,49
2,49
2,49
2,49
2,49
2,49
2,49
2,49
2,49
2,49
2,49
2,49
2,49
2,49
2,49
2,49
2,49
2,49
2,49
2,49
2,49
2,49
2,49
2,49
2,49
2,49
2,49
2,49
2,49
2,49
2,49
2,49
2,49
2,49
2,49
2,49
2,49
2,49
2,49
2,49
2,49
2,49
2,49
2,49
2,49
2,49
2,49
2,49
2,49
2,49
2,49
2,49
2,49
2,49
2,49
2,49
2,49
2,49
2,49
2,49
2,49
2,49
2,49
2,49
2,49
2,49
2,49
2,49
2,49
2,49
2,49
2,49
2,49
2,49
2,49
2,49
2,49
2,49
2,49
2,49
2,49
2,49
2,49
2,49
2,49
2,49
2,49
2,49
2,49
2,49
2,49
2,49
2,49
2,49
2,49
2,49
2,49
2,49
2,49
2,49
2,49
2,49
2,49
2,49
2,49
2,49
2,49
2,49
2,49
2,49
2,49
2,49
2,49
2,49
2,49
2,49
2,49
2,49
2,49
2,49
2,49
2,49
2,49
2,49
2,49
2,49
2,49
2,49
2,49
2,49
2,49
2,49
2,49
2,49
2,49
2,49
2,49
2,49
2,49
2,49
2,49
2,49
2,49
2,49
2,49
2,49
2,49
2,49
2,49
2,49
2,49
2,49
2,49
2,49
2,49
2,49
2,49
2,49
2,49
2,49
2,49
2,49
2,49
2,49
2,49
2,49
2,49
2,49
2,49
2,49
2,49
2,49
2,49
2,49
2,49
2,49
2,49
2,49
2,49
2,49
2,49
2,49
2,49
2,49
2,49
2,49
2,49
2,49
2,49
2,49
2,49
2,49
2,49
2,49
2,49
2,49
2,49
2,49
2,49
2,49
2,49
2,49
2,49
2,49
2,49
2,49
2,49
2,49
2,49
2,49
2,49
2,49
2,49
2,49
2,49
2,49
2,49
2,49
2,49
2,49
2,49
2,49
2,49
2,49
2,49
2,49
2,49
2,49
2,49
2,49
2,49
2,49
2,49
2,49
2,49
2,49
2,49
2,49
2,49
2,49
2,49
2,49
2,49
2,49
2,49
2,49
2,49
2,49
2,49
2,49
2,49
2,49
2,49
2,49
2,49
2,49
2,49
2,49
2,49
2,49
2,49
2,49
2,49
2,49
2,49
2,49
2,49
2,49
2,49
2,49
2,49
2,49
2,49
2,49
2,49
2,49
2,49
2,49
2,49
2,49
2,49
2,49
2,49
2,49
2,49
2,49
2,49
2,49
2,49
2,49
2,49
2,49
2,49
2,49
2,49
2,49
2,49
2,49
2,49
2,49
2,49
2,49
2,49
2,49
2,49
2,49
2,49
2,49
2,49
2,49
2,49
2,49
2,49
2,49
2,49
2,49
2,49
2,49
2,49
2,49
2,49
2,49
2,49
2,49
2,49
2,49
2,49
2,49
2,49
2,49
2,49
2,49
2,49
2,49
2,49
2,49
2,49
2,49
2,49
2,49
2,49
2,49
2,49
2,49
2,49
2,49
2,49
2,49
2,49
2,49
2,49
2,49
2,49
2,49
2,49
2,49
2,49
2,49
2,49
2,49
2,49
2,49
2,49
2,49
2,49
2,49
2,49
2,49
2,49
2,49
2,49
2,49
2,49
2,49
2,49
2,49
2,49
2,49
2,49
2,49
2,49
2,49
2,49
2,49
2,49
2,49
2,49
2,49
2,49
2,49
2,49
2,49
2,49
2,49
2,49
2,49
2,49
2,49
2,49
2,49
2,49
2,49
2,49
2,49
2,49
2,49
2,49
2,49
2,49
2,49
2,49
2,49
2,49
2,49
2,49
3,49
3,49
3,49
3,49
3,49
3,49
3,49
3,49
3,49
3,49
3,49
3,49
3,49
3,49
3,49
3,49
3,49
3,49
3,49
3,49
3,49
3,49
3,49
3,49
3,49
3,49
3,49
3,49
3,49
3,49
3,49
3,49
3,49
3,49
3,49
3,49
3,49
3,49
3,49
3,49
3,49
3,49
3,49
3,49
3,49
3,49
3,49
3,49
3,49
3,49
3,49
3,49
3,49
3,49
3,49
3,49
3,49
3,49
3,49
3,49
3,49
3,49
3,49
3,49
3,49
3,49
3,49
3,49
3,49
3,49
3,49
3,49
3,49
3,49
3,49
3,49
3,49
3,49
3,49
3,49
3,49
3,49
3,49
3,49
3,49
3,49
3,49
3,49
3,49
3,49
3,49
3,49
3,49
3,49
3,49
3,49
3,49
3,49
3,49
3,49
3,49
3,49
3,49
3,49
3,49
3,49
3,49
3,49
3,49
3,49
3,49
3,49
3,49
3,49
3,49
3,49
3,49
3,49
3,49
3,49
3,49
3,49
3,49
4,49
4,49
4,49
4,49
4,49
4,49
4,49
4,49
4,49
4,49
4,49
4,49
4,49
4,49
4,49
4,49
4,49
4,49
4,49
4,49
4,49
4,49
4,49
4,49
4,49
4,49
4,49
4,49
4,49
4,49
4,49
4,49
4,49
4,49
4,49
4,49
4,49
4,49
4,49
4,49
4,49
4,49
4,49
4,49
4,49
4,49
4,49
4,49
4,49
4,49
4,49
4,49
4,49
4,49
4,49
4,49
4,49
4,49
4,49
4,49
4,49
4,49
4,49
4,49
4,49
4,49
4,49
4,49
4,49
4,49
4,49
4,49
4,49
4,49
4,49
4,49
4,49
4,49
4,49
4,49
4,49
4,49
4,49
4,49
4,49
4,49
4,49
4,49
4,49
4,49
4,49
4,49
4,49
4,49
4,49
4,49
4,49
4,49
4,49
4,49
4,49
4,49
4,49
4,49
4,49
4,49
4,49
4,49
4,49
4,49
4,49
4,49
4,49
4,49
4,49
4,49
4,49
4,49
4,49
4,49
4,49
4,49
4,49
4,49
4,49
4,49
4,49
4,49
4,49
4,49
4,49
4,49
4,49
4,49
4,49
4,49
4,49
4,49
4,49
4,49
4,49
4,49
4,49
4,49
4,49
4,49
4,49
4,49
4,49
4,49
4,49
4,49
4,49
4,49
4,49
4,49
4,49
4,49
5,49
5,49
5,49
5,49
5,49
5,49
5,49
5,49
5,49
5,49
5,49
5,49
5,49
5,49
5,49
5,49
5,49
5,49
5,49
5,49
5,49
5,49
5,49
5,49
5,49
5,49
5,49
5,49
5,49
6,49
6,49
6,49
6,49
6,49
6,49
6,49
6,49
6,49
6,49
6,49
6,49
6,49
6,49
6,49
6,49
6,49
6,49
6,49
6,49
6,49
6,49
6,49
6,49
6,49
6,49
6,49
6,49
6,49
6,49
6,49
6,49
6,49
6,49
6,49
6,49
6,49
6,49
6,49
6,49
7,49
7,49
7,49
7,49
7,49
7,49
7,49
7,49
7,49
7,49
7,49
7,49
7,49
7,49
7,49
8,49
8,49
8,49
8,49
8,49
8,49
8,49
8,49
8,49
8,49
8,49
8,49
8,49
