"sender_id","receiver_id","sending_date"
4,400,1774-08-31
1,401,1774-09-03
5,63,1774-09-05
6,402,1774-09-07
4,400,1774-09-08
8,402,1774-09-08
12,400,1774-09-10
9,255,1774-09-12
13,406,1774-09-14
9,255,1774-09-17
4,400,1774-09-23
19,414,1774-09-24
13,407,1774-09-24
13,407,1774-09-25
7,417,1774-09-26
7,403,1774-09-29
7,403,1774-10-07
7,405,1774-10-07
23,420,1774-10-07
11,153,1774-10-07
21,421,1774-10-09
24,422,1774-10-10
11,153,1774-10-10
26,425,1774-10-12
4,426,1774-10-16
27,428,1774-10-17
28,238,1774-10-17
29,428,1774-10-21
30,428,1774-10-22
31,71,1774-10-22
32,429,1774-10-24
31,267,1774-10-27
31,409,1774-10-28
28,278,1774-10-29
4,13,1774-11-13
36,25,1774-11-22
7,41,1774-12-12
38,433,1774-12-14
11,31,1774-12-14
11,17,1774-12-14
38,25,1774-12-16
7,434,1774-12-28
25,37,1774-12-29
25,435,1774-12-29
1,398,1774-12-30
39,438,1775-01-11
7,440,1775-01-21
38,441,1775-01-23
37,25,1775-02-05
37,31,1775-02-06
7,440,1775-02-10
14,31,1775-02-13
1,398,1775-02-14
17,267,1775-02-24
42,444,1775-02-25
1,401,1775-02-28
13,267,1775-03-04
13,17,1775-03-21
1,401,1775-03-26
1,398,1775-04-01
43,15,1775-04-06
31,267,1775-04-29
38,433,1775-05-03
48,448,1775-05-11
44,455,1775-05-18
17,76,1775-05-21
35,430,1775-05-23
36,249,1775-05-23
17,143,1775-05-28
53,428,1775-06-03
35,249,1775-06-05
4,400,1775-06-06
25,468,1775-06-07
56,470,1775-06-08
11,471,1775-06-08
7,472,1775-06-10
24,422,1775-06-11
38,441,1775-06-13
45,416,1775-06-15
44,455,1775-06-17
21,482,1775-06-18
26,138,1775-06-20
9,255,1775-06-20
40,21,1775-06-25
63,138,1775-07-03
10,455,1775-07-06
11,458,1775-07-06
7,403,1775-07-07
47,452,1775-07-07
34,278,1775-07-07
35,430,1775-07-08
35,249,1775-07-08
4,400,1775-07-09
45,21,1775-07-12
31,267,1775-07-17
40,54,1775-07-18
7,403,1775-07-23
7,443,1775-07-23
44,502,1775-07-23
40,21,1775-07-24
68,505,1775-07-25
68,505,1775-07-25
25,54,1775-08-04
11,404,1775-08-15
38,433,1775-08-18
72,511,1775-08-24
2,512,1775-08-25
47,4,1775-08-27
26,138,1775-09-20
11,458,1775-09-21
17,21,1775-09-26
11,458,1775-09-30
44,503,1775-10-01
26,138,1775-10-02
7,506,1775-10-06
7,403,1775-10-07
7,443,1775-10-07
40,54,1775-10-07
7,443,1775-10-08
9,255,1775-10-09
40,54,1775-10-11
11,458,1775-10-11
11,523,1775-10-12
7,524,1775-10-13
13,443,1775-10-13
2,154,1775-10-13
58,154,1775-10-16
7,525,1775-10-19
76,528,1775-10-21
25,468,1775-10-23
7,443,1775-10-24
77,40,1775-10-24
7,403,1775-10-29
13,111,1775-10-29
11,523,1775-11-01
4,535,1775-11-02
11,458,1775-11-02
13,443,1775-11-04
7,443,1775-11-05
13,477,1775-11-07
79,4,1775-11-07
82,542,1775-11-13
17,21,1775-11-13
34,21,1775-11-13
11,543,1775-11-13
7,258,1775-11-14
7,17,1775-11-15
7,258,1775-11-15
4,449,1775-11-15
13,487,1775-11-16
11,458,1775-11-16
83,263,1775-11-17
7,403,1775-11-18
34,278,1775-11-19
7,551,1775-11-24
66,154,1775-11-24
7,474,1775-11-25
28,238,1775-11-25
17,21,1775-11-26
17,556,1775-11-29
40,501,1775-11-30
76,558,1775-12-02
74,521,1775-12-02
13,443,1775-12-05
24,422,1775-12-05
17,21,1775-12-06
40,21,1775-12-08
20,252,1775-12-08
88,561,1775-12-08
28,278,1775-12-08
89,154,1775-12-09
76,440,1775-12-11
13,443,1775-12-17
11,523,1775-12-24
13,443,1775-12-26
11,458,1775-12-31
42,417,1776-01-01
17,576,1776-01-01
13,111,1776-01-02
17,532,1776-01-02
79,536,1776-01-05
35,249,1776-01-06
36,430,1776-01-06
13,443,1776-01-07
11,521,1776-01-07
99,580,1776-01-09
13,7,1776-01-15
40,21,1776-01-16
34,21,1776-01-16
40,14,1776-01-17
102,34,1776-01-17
40,21,1776-01-20
76,532,1776-01-30
11,458,1776-02-01
104,587,1776-02-03
107,591,1776-02-09
11,593,1776-02-10
35,249,1776-02-11
7,403,1776-02-13
40,14,1776-02-13
106,532,1776-02-13
108,595,1776-02-14
89,596,1776-02-15
102,25,1776-02-16
89,524,1776-02-17
7,403,1776-02-18
7,443,1776-02-18
40,524,1776-02-19
11,458,1776-03-04
73,63,1776-03-05
42,417,1776-03-06
40,54,1776-03-07
11,579,1776-03-08
104,584,1776-03-08
36,249,1776-03-13
20,252,1776-03-13
104,587,1776-03-16
7,403,1776-03-17
76,528,1776-03-19
25,102,1776-03-20
35,249,1776-03-20
7,443,1776-03-21
7,433,1776-03-23
20,252,1776-03-23
111,443,1776-03-26
35,249,1776-03-26
20,252,1776-03-27
104,587,1776-03-27
7,417,1776-04-02
13,615,1776-04-03
104,584,1776-04-10
20,252,1776-04-11
112,7,1776-04-11
40,492,1776-04-12
7,403,1776-04-14
115,528,1776-04-14
7,403,1776-04-15
7,520,1776-04-15
13,474,1776-04-15
47,506,1776-04-15
7,443,1776-04-16
7,516,1776-04-16
13,443,1776-04-16
104,621,1776-04-16
104,587,1776-04-17
17,436,1776-04-20
7,443,1776-04-22
17,524,1776-04-22
89,524,1776-04-23
116,208,1776-04-24
7,433,1776-04-27
7,403,1776-04-28
7,108,1776-04-28
13,615,1776-04-30
13,627,1776-04-30
111,443,1776-05-01
9,255,1776-05-01
110,598,1776-05-06
89,629,1776-05-08
73,63,1776-05-09
25,20,1776-05-11
17,524,1776-05-11
7,460,1776-05-12
99,617,1776-05-12
17,45,1776-05-12
9,632,1776-05-14
16,410,1776-05-14
7,443,1776-05-15
7,417,1776-05-16
2,106,1776-05-16
104,587,1776-05-16
7,403,1776-05-17
115,528,1776-05-17
99,617,1776-05-17
2,532,1776-05-17
102,20,1776-05-17
7,443,1776-05-18
25,20,1776-05-18
7,443,1776-05-20
111,443,1776-05-20
116,635,1776-05-20
40,21,1776-05-21
7,403,1776-05-22
7,640,1776-05-26
7,403,1776-05-27
99,617,1776-05-27
17,524,1776-05-27
17,642,1776-05-28
7,643,1776-05-29
9,255,1776-05-29
94,644,1776-05-30
7,467,1776-06-01
7,541,1776-06-02
17,528,1776-06-02
7,436,1776-06-03
7,646,1776-06-04
40,492,1776-06-04
35,249,1776-06-04
104,649,1776-06-04
89,4,1776-06-05
13,443,1776-06-06
74,521,1776-06-08
28,20,1776-06-08
7,651,1776-06-09
73,63,1776-06-10
110,63,1776-06-10
7,403,1776-06-10
111,443,1776-06-11
26,425,1776-06-11
7,656,1776-06-12
7,37,1776-06-14
40,21,1776-06-14
7,443,1776-06-16
7,433,1776-06-18
111,455,1776-06-18
7,663,1776-06-21
7,664,1776-06-22
7,665,1776-06-22
7,666,1776-06-22
110,63,1776-06-22
7,668,1776-06-23
7,486,1776-06-23
7,460,1776-06-23
50,669,1776-06-23
7,37,1776-06-24
7,405,1776-06-24
111,433,1776-06-25
111,455,1776-06-25
40,492,1776-06-25
28,20,1776-06-29
76,17,1776-06-30
7,672,1776-07-01
73,157,1776-07-01
7,403,1776-07-03
7,403,1776-07-03
111,443,1776-07-05
35,249,1776-07-08
7,37,1776-07-09
13,474,1776-07-09
7,615,1776-07-10
124,678,1776-07-10
9,255,1776-07-10
7,403,1776-07-11
126,80,1776-07-11
122,673,1776-07-14
7,403,1776-07-15
13,17,1776-07-15
73,63,1776-07-15
40,676,1776-07-16
128,436,1776-07-16
33,681,1776-07-16
7,683,1776-07-18
13,615,1776-07-20
124,684,1776-07-20
47,685,1776-07-20
7,112,1776-07-21
89,174,1776-07-21
40,524,1776-07-22
110,63,1776-07-22
129,578,1776-07-23
2,490,1776-07-23
128,524,1776-07-23
35,249,1776-07-24
130,269,1776-07-25
13,665,1776-07-27
7,403,1776-07-30
2,532,1776-07-30
7,408,1776-08-02
40,21,1776-08-02
13,455,1776-08-03
9,255,1776-08-03
122,673,1776-08-06
37,433,1776-08-09
7,403,1776-08-10
7,666,1776-08-11
131,531,1776-08-12
131,104,1776-08-12
7,403,1776-08-13
2,45,1776-08-13
7,403,1776-08-14
9,255,1776-08-14
132,102,1776-08-15
56,706,1776-08-16
71,31,1776-08-16
36,102,1776-08-17
28,102,1776-08-19
7,405,1776-08-24
7,474,1776-08-25
2,45,1776-08-26
9,255,1776-08-28
73,110,1776-09-03
40,676,1776-09-03
9,16,1776-09-04
7,403,1776-09-06
111,653,1776-09-06
124,521,1776-09-07
9,16,1776-09-07
67,20,1776-09-08
9,255,1776-09-11
9,632,1776-09-12
9,16,1776-09-13
131,455,1776-09-13
7,13,1776-09-14
73,110,1776-09-14
125,181,1776-09-14
128,691,1776-09-14
76,528,1776-09-15
17,436,1776-09-15
128,715,1776-09-16
76,2,1776-09-17
113,717,1776-09-20
131,422,1776-09-20
124,521,1776-09-21
40,720,1776-09-24
128,706,1776-09-24
42,721,1776-09-25
7,405,1776-09-26
36,249,1776-09-26
37,31,1776-09-29
131,531,1776-09-30
94,644,1776-10-03
40,54,1776-10-04
73,63,1776-10-07
111,455,1776-10-08
89,629,1776-10-08
40,676,1776-10-09
28,102,1776-10-09
124,521,1776-10-11
17,154,1776-10-22
110,606,1776-10-26
36,35,1776-10-27
17,21,1776-10-27
36,35,1776-11-01
17,2,1776-11-03
17,532,1776-11-04
36,35,1776-11-05
124,738,1776-11-07
110,63,1776-11-07
110,73,1776-11-08
76,528,1776-11-09
85,730,1776-11-10
111,653,1776-11-11
121,742,1776-11-14
36,35,1776-11-16
104,13,1776-11-16
104,602,1776-11-18
28,102,1776-11-23
28,20,1776-11-24
87,16,1776-11-25
13,477,1776-11-29
36,35,1776-11-30
13,443,1776-12-04
13,477,1776-12-09
124,521,1776-12-10
13,443,1776-12-12
89,40,1776-12-13
104,584,1776-12-13
89,40,1776-12-16
140,751,1776-12-19
89,4,1776-12-20
128,17,1776-12-21
40,21,1776-12-23
89,40,1776-12-23
89,21,1776-12-23
110,73,1776-12-23
17,89,1776-12-24
89,629,1776-12-24
124,521,1776-12-25
13,443,1776-12-25
138,425,1776-12-25
40,54,1776-12-30
40,720,1776-12-30
128,17,1776-12-30
120,17,1776-12-30
97,21,1776-12-31
110,73,1776-12-31
13,443,1777-01-01
36,35,1777-01-01
104,190,1777-01-01
13,267,1777-01-02
40,89,1777-01-02
89,40,1777-01-06
111,7,1777-01-08
89,4,1777-01-08
13,7,1777-01-09
120,21,1777-01-09
110,598,1777-01-09
89,20,1777-01-12
89,63,1777-01-12
142,13,1777-01-13
40,89,1777-01-14
50,89,1777-01-14
97,40,1777-01-17
89,565,1777-01-23
89,36,1777-01-24
89,732,1777-01-31
89,21,1777-01-31
36,89,1777-02-01
144,48,1777-02-01
110,598,1777-02-02
7,443,1777-02-03
13,615,1777-02-04
122,703,1777-02-04
113,701,1777-02-05
110,73,1777-02-07
122,767,1777-02-08
26,425,1777-02-09
97,40,1777-02-10
7,443,1777-02-12
111,42,1777-02-14
145,76,1777-02-14
124,521,1777-02-15
40,557,1777-02-15
113,770,1777-02-15
110,63,1777-02-15
13,443,1777-02-16
89,360,1777-02-16
17,267,1777-02-17
7,5,1777-02-22
40,21,1777-02-23
7,405,1777-02-25
124,738,1777-02-26
89,360,1777-02-26
89,21,1777-02-27
110,598,1777-02-28
10,774,1777-03-04
7,664,1777-03-09
142,154,1777-03-09
144,48,1777-03-11
40,773,1777-03-11
7,403,1777-03-14
7,403,1777-03-16
7,443,1777-03-18
13,777,1777-03-18
13,477,1777-03-19
13,627,1777-03-20
7,693,1777-03-21
7,443,1777-03-21
142,449,1777-03-22
104,190,1777-03-22
104,584,1777-03-22
111,455,1777-03-26
7,405,1777-03-27
89,629,1777-03-27
7,443,1777-03-31
111,443,1777-03-31
13,477,1777-04-01
110,73,1777-04-01
110,598,1777-04-01
7,403,1777-04-03
7,443,1777-04-03
7,403,1777-04-06
110,73,1777-04-07
7,668,1777-04-08
17,21,1777-04-10
7,403,1777-04-13
17,436,1777-04-15
13,443,1777-04-17
145,654,1777-04-17
104,791,1777-04-17
17,267,1777-04-20
13,615,1777-04-23
10,422,1777-04-23
113,770,1777-04-26
7,403,1777-04-27
7,794,1777-04-27
7,154,1777-04-27
144,48,1777-04-29
17,2,1777-04-29
150,187,1777-05-01
113,435,1777-05-01
89,435,1777-05-01
120,661,1777-05-01
145,654,1777-05-06
110,73,1777-05-07
7,664,1777-05-09
94,701,1777-05-09
7,664,1777-05-10
151,48,1777-05-11
13,664,1777-05-12
17,436,1777-05-13
113,717,1777-05-13
7,403,1777-05-17
54,804,1777-05-22
144,48,1777-05-23
7,403,1777-05-24
126,689,1777-05-24
17,436,1777-05-26
148,21,1777-05-26
10,422,1777-05-26
145,20,1777-05-28
145,102,1777-05-28
7,403,1777-06-02
7,664,1777-06-02
7,5,1777-06-08
94,806,1777-06-12
7,403,1777-06-14
152,263,1777-06-18
121,187,1777-06-24
25,102,1777-06-28
7,403,1777-06-29
89,4,1777-06-29
13,443,1777-06-30
25,102,1777-07-01
50,346,1777-07-03
13,267,1777-07-04
7,812,1777-07-05
131,422,1777-07-05
7,664,1777-07-07
44,455,1777-07-07
155,73,1777-07-07
113,810,1777-07-10
155,73,1777-07-12
142,21,1777-07-24
7,622,1777-07-27
145,54,1777-07-29
13,794,1777-08-05
141,282,1777-08-05
159,565,1777-08-05
108,48,1777-08-05
13,63,1777-08-07
141,282,1777-08-09
141,822,1777-08-09
155,73,1777-08-09
17,528,1777-08-09
141,824,1777-08-14
141,825,1777-08-15
141,269,1777-08-15
7,403,1777-08-17
141,282,1777-08-17
17,532,1777-08-17
7,443,1777-08-18
7,403,1777-08-19
7,403,1777-08-19
7,403,1777-08-20
142,104,1777-08-21
26,425,1777-08-22
7,403,1777-08-23
7,403,1777-08-24
24,422,1777-08-25
17,2,1777-08-25
141,832,1777-08-27
141,743,1777-08-30
44,422,1777-09-01
141,661,1777-09-01
13,836,1777-09-02
37,435,1777-09-02
141,830,1777-09-02
25,102,1777-09-03
89,110,1777-09-04
141,282,1777-09-05
44,455,1777-09-07
142,455,1777-09-07
7,403,1777-09-08
141,282,1777-09-08
17,436,1777-09-08
141,269,1777-09-10
144,48,1777-09-17
111,443,1777-09-17
142,110,1777-09-17
141,282,1777-09-18
164,2,1777-09-18
111,21,1777-09-24
142,42,1777-09-24
111,21,1777-09-25
44,455,1777-09-28
163,21,1777-09-30
25,57,1777-10-03
142,433,1777-10-05
111,443,1777-10-06
44,455,1777-10-08
25,54,1777-10-09
25,57,1777-10-10
156,48,1777-10-10
156,816,1777-10-10
141,845,1777-10-10
148,789,1777-10-10
131,422,1777-10-11
17,267,1777-10-13
148,789,1777-10-14
7,403,1777-10-15
141,845,1777-10-16
40,21,1777-10-17
141,824,1777-10-17
141,282,1777-10-18
17,136,1777-10-19
141,821,1777-10-20
131,531,1777-10-22
89,50,1777-10-22
141,847,1777-10-23
131,422,1777-10-23
87,290,1777-10-24
141,372,1777-10-24
40,21,1777-10-25
164,2,1777-10-25
141,821,1777-10-25
113,810,1777-10-26
89,849,1777-10-27
111,443,1777-10-28
17,436,1777-10-28
13,443,1777-10-29
25,805,1777-11-03
44,455,1777-11-04
131,455,1777-11-04
142,433,1777-11-05
25,57,1777-11-09
141,21,1777-11-13
141,856,1777-11-15
17,13,1777-11-15
156,144,1777-11-20
17,21,1777-11-20
157,425,1777-11-21
141,789,1777-11-21
17,13,1777-11-23
17,10,1777-11-24
17,532,1777-11-25
111,455,1777-11-27
141,720,1777-11-28
131,422,1777-11-28
124,521,1777-11-30
156,816,1777-11-30
141,845,1777-11-30
141,21,1777-11-30
89,789,1777-11-30
141,269,1777-12-01
25,102,1777-12-02
111,7,1777-12-03
141,720,1777-12-03
141,847,1777-12-06
156,144,1777-12-08
156,816,1777-12-08
142,7,1777-12-08
156,816,1777-12-12
124,521,1777-12-14
111,443,1777-12-15
44,455,1777-12-15
142,13,1777-12-15
156,144,1777-12-16
142,17,1777-12-18
124,684,1777-12-19
122,439,1777-12-20
124,110,1777-12-21
76,13,1777-12-22
141,720,1777-12-23
141,422,1777-12-23
142,110,1777-12-23
89,141,1777-12-26
142,17,1777-12-28
164,2,1777-12-29
141,282,1777-12-30
44,422,1778-01-05
141,845,1778-01-08
141,847,1778-01-12
111,21,1778-01-13
142,7,1778-01-13
122,439,1778-01-15
141,7,1778-01-15
153,141,1778-01-15
142,7,1778-01-21
163,21,1778-01-22
111,7,1778-01-25
89,286,1778-01-25
141,246,1778-01-26
148,789,1778-01-26
141,80,1778-01-27
170,111,1778-01-29
113,619,1778-01-29
141,282,1778-01-30
141,821,1778-01-30
141,269,1778-01-30
156,48,1778-01-31
143,20,1778-02-01
173,141,1778-02-05
160,278,1778-02-05
141,845,1778-02-06
142,598,1778-02-06
111,541,1778-02-07
142,110,1778-02-08
174,171,1778-02-08
173,21,1778-02-11
173,141,1778-02-12
173,141,1778-02-12
100,16,1778-02-12
173,80,1778-02-13
172,435,1778-02-14
143,57,1778-02-17
89,883,1778-02-17
173,337,1778-02-18
145,76,1778-02-19
174,171,1778-02-19
143,102,1778-02-22
173,141,1778-02-24
141,375,1778-02-24
173,141,1778-02-25
173,789,1778-02-28
124,521,1778-03-01
141,845,1778-03-01
173,141,1778-03-02
172,888,1778-03-02
173,141,1778-03-03
141,847,1778-03-04
143,57,1778-03-04
173,141,1778-03-05
145,89,1778-03-05
113,810,1778-03-06
141,13,1778-03-07
174,341,1778-03-08
173,21,1778-03-09
141,893,1778-03-10
141,282,1778-03-11
141,269,1778-03-11
144,48,1778-03-12
25,57,1778-03-13
124,738,1778-03-16
143,57,1778-03-16
172,888,1778-03-17
87,789,1778-03-18
156,48,1778-03-20
141,862,1778-03-24
141,847,1778-03-24
111,42,1778-03-27
141,845,1778-03-29
69,654,1778-03-30
100,16,1778-04-03
141,903,1778-04-04
141,25,1778-04-07
144,48,1778-04-09
100,880,1778-04-09
141,80,1778-04-09
177,263,1778-04-13
141,21,1778-04-14
104,584,1778-04-14
176,399,1778-04-15
141,9,1778-04-15
142,403,1778-04-16
143,909,1778-04-16
141,843,1778-04-18
142,13,1778-04-18
100,255,1778-04-18
37,435,1778-04-20
172,435,1778-04-20
141,57,1778-04-20
37,435,1778-04-21
33,436,1778-04-21
141,862,1778-04-22
25,141,1778-04-24
141,765,1778-04-24
141,21,1778-04-24
144,48,1778-04-25
124,738,1778-04-25
104,190,1778-04-25
178,238,1778-04-26
141,21,1778-04-27
144,141,1778-04-28
141,845,1778-04-28
141,913,1778-04-28
100,9,1778-04-28
144,48,1778-04-29
144,914,1778-04-29
142,7,1778-04-29
143,20,1778-04-29
141,917,1778-05-01
141,918,1778-05-01
141,829,1778-05-01
141,919,1778-05-01
179,920,1778-05-01
141,921,1778-05-02
141,918,1778-05-02
176,877,1778-05-03
37,435,1778-05-03
124,521,1778-05-03
141,282,1778-05-03
142,267,1778-05-03
143,102,1778-05-03
171,789,1778-05-03
33,436,1778-05-03
141,269,1778-05-04
17,532,1778-05-04
144,48,1778-05-05
141,847,1778-05-05
141,845,1778-05-05
141,166,1778-05-05
141,21,1778-05-05
141,80,1778-05-06
141,57,1778-05-08
141,252,1778-05-08
141,54,1778-05-08
104,584,1778-05-09
171,850,1778-05-10
141,845,1778-05-11
17,267,1778-05-12
17,7,1778-05-13
160,278,1778-05-14
160,412,1778-05-14
142,7,1778-05-15
33,436,1778-05-15
141,661,1778-05-16
142,7,1778-05-16
141,918,1778-05-17
17,267,1778-05-19
111,443,1778-05-26
143,21,1778-05-27
182,267,1778-05-28
124,934,1778-05-30
124,110,1778-05-31
141,845,1778-05-31
100,9,1778-05-31
141,918,1778-06-01
103,239,1778-06-03
141,269,1778-06-03
100,936,1778-06-05
100,664,1778-06-09
141,720,1778-06-10
141,48,1778-06-11
141,433,1778-06-13
174,939,1778-06-13
141,939,1778-06-14
174,141,1778-06-15
17,2,1778-06-16
73,63,1778-06-17
141,940,1778-06-17
141,433,1778-06-17
141,845,1778-06-17
100,880,1778-06-17
100,9,1778-06-17
141,21,1778-06-18
142,433,1778-06-18
176,941,1778-06-19
176,941,1778-06-19
141,9,1778-06-20
17,7,1778-06-20
143,940,1778-06-20
141,918,1778-06-23
17,2,1778-06-23
186,426,1778-06-26
13,690,1778-07-03
17,76,1778-07-05
108,48,1778-07-05
178,238,1778-07-07
24,422,1778-07-09
186,159,1778-07-10
186,426,1778-07-10
141,21,1778-07-10
174,524,1778-07-10
73,425,1778-07-11
17,76,1778-07-12
73,63,1778-07-13
179,767,1778-07-13
153,946,1778-07-14
13,443,1778-07-15
141,918,1778-07-15
188,947,1778-07-16
189,170,1778-07-16
174,948,1778-07-19
13,443,1778-07-20
73,425,1778-07-20
73,110,1778-07-20
17,2,1778-07-20
153,934,1778-07-20
153,949,1778-07-20
143,951,1778-07-21
70,57,1778-07-21
108,48,1778-07-21
141,906,1778-07-22
150,811,1778-07-23
143,952,1778-07-23
141,954,1778-07-30
141,21,1778-07-31
153,934,1778-08-03
141,918,1778-08-07
17,2,1778-08-10
186,422,1778-08-11
141,918,1778-08-11
153,958,1778-08-11
174,960,1778-08-12
186,197,1778-08-16
141,5,1778-08-16
190,587,1778-08-17
143,102,1778-08-17
73,110,1778-08-18
141,918,1778-08-18
156,48,1778-08-27
141,921,1778-08-27
194,57,1778-08-28
190,433,1778-08-29
190,104,1778-08-29
24,422,1778-08-29
178,238,1778-08-30
190,587,1778-08-31
186,422,1778-08-31
143,57,1778-09-02
13,608,1778-09-03
127,154,1778-09-03
181,972,1778-09-04
190,422,1778-09-05
141,568,1778-09-05
143,57,1778-09-06
89,974,1778-09-07
73,425,1778-09-08
143,976,1778-09-08
89,25,1778-09-08
141,945,1778-09-10
141,282,1778-09-10
141,282,1778-09-15
17,267,1778-09-16
133,705,1778-09-17
143,951,1778-09-19
13,154,1778-09-21
178,238,1778-09-22
141,21,1778-09-23
89,360,1778-10-01
141,983,1778-10-03
156,48,1778-10-04
153,934,1778-10-05
195,2,1778-10-06
141,918,1778-10-06
10,422,1778-10-06
142,170,1778-10-09
13,443,1778-10-11
100,9,1778-10-13
24,422,1778-10-15
13,852,1778-10-16
13,690,1778-10-17
13,443,1778-10-17
13,443,1778-10-20
143,989,1778-10-20
143,89,1778-10-20
10,990,1778-10-20
174,706,1778-10-25
143,21,1778-10-26
73,63,1778-10-27
10,422,1778-10-27
10,994,1778-10-31
13,690,1778-11-01
141,9,1778-11-01
13,443,1778-11-03
17,995,1778-11-03
113,840,1778-11-07
111,443,1778-11-08
24,422,1778-11-10
87,720,1778-11-11
87,676,1778-11-11
141,21,1778-11-20
113,619,1778-11-20
141,1002,1778-11-21
141,125,1778-11-23
156,48,1778-11-24
111,799,1778-11-28
13,799,1778-12-01
197,587,1778-12-01
70,57,1778-12-01
142,836,1778-12-04
13,1006,1778-12-05
10,131,1778-12-08
180,263,1778-12-09
76,267,1778-12-10
141,103,1778-12-11
110,425,1778-12-14
76,17,1778-12-15
110,598,1778-12-15
141,918,1778-12-16
144,48,1778-12-20
13,460,1778-12-21
88,48,1778-12-22
13,411,1778-12-25
13,615,1778-12-25
100,1007,1778-12-30
13,615,1779-01-03
25,57,1779-01-03
25,102,1779-01-03
110,73,1779-01-03
24,422,1779-01-04
110,598,1779-01-04
89,1007,1779-01-07
110,598,1779-01-09
141,89,1779-01-10
89,141,1779-01-11
199,48,1779-01-12
44,666,1779-01-20
110,63,1779-01-20
143,102,1779-01-21
197,1021,1779-01-26
87,174,1779-01-28
141,918,1779-01-29
172,435,1779-01-30
197,1009,1779-02-03
70,57,1779-02-03
110,73,1779-02-07
110,63,1779-02-09
113,1025,1779-02-10
13,443,1779-02-11
17,267,1779-02-11
181,1026,1779-02-13
110,63,1779-02-16
105,473,1779-02-18
110,73,1779-02-18
20,57,1779-02-19
25,57,1779-02-20
143,57,1779-02-20
70,252,1779-02-20
13,615,1779-02-21
196,532,1779-02-21
20,1033,1779-02-27
143,983,1779-02-27
110,73,1779-02-28
20,57,1779-03-01
74,934,1779-03-02
143,939,1779-03-04
110,73,1779-03-07
13,1036,1779-03-09
142,403,1779-03-09
126,840,1779-03-09
74,934,1779-03-09
196,1007,1779-03-09
20,720,1779-03-12
17,1039,1779-03-16
25,57,1779-03-21
20,54,1779-03-21
71,174,1779-03-21
13,477,1779-03-23
13,443,1779-03-23
124,738,1779-03-23
110,73,1779-03-23
110,73,1779-03-28
17,532,1779-03-29
110,63,1779-03-29
124,5,1779-03-30
70,1041,1779-03-31
88,48,1779-04-02
206,433,1779-04-03
141,48,1779-04-04
141,181,1779-04-04
141,1044,1779-04-04
17,576,1779-04-04
142,433,1779-04-05
74,934,1779-04-06
143,174,1779-04-09
141,80,1779-04-09
110,63,1779-04-13
113,308,1779-04-15
141,845,1779-04-16
110,598,1779-04-16
20,799,1779-04-18
20,21,1779-04-21
143,896,1779-04-22
17,7,1779-04-24
143,174,1779-04-25
87,21,1779-04-28
13,615,1779-04-29
141,845,1779-05-02
17,2,1779-05-03
208,435,1779-05-09
31,9,1779-05-10
210,2,1779-05-10
13,443,1779-05-11
49,435,1779-05-11
25,21,1779-05-17
33,436,1779-05-17
88,48,1779-05-20
110,73,1779-05-21
210,2,1779-05-22
17,267,1779-05-23
20,947,1779-05-24
110,63,1779-05-24
124,934,1779-05-25
25,459,1779-05-26
208,154,1779-05-26
25,947,1779-05-29
142,433,1779-06-01
25,57,1779-06-02
113,578,1779-06-02
142,403,1779-06-05
208,435,1779-06-08
142,433,1779-06-09
25,57,1779-06-12
113,1055,1779-06-12
110,63,1779-06-12
204,89,1779-06-13
25,57,1779-06-14
25,54,1779-06-15
142,443,1779-06-15
179,17,1779-06-15
208,1057,1779-06-20
110,73,1779-06-20
210,2,1779-06-22
211,17,1779-06-22
206,21,1779-06-25
25,57,1779-06-30
213,73,1779-07-02
165,1060,1779-07-02
110,73,1779-07-03
212,1062,1779-07-05
141,80,1779-07-05
143,567,1779-07-09
165,806,1779-07-09
110,1066,1779-07-09
110,73,1779-07-12
210,2,1779-07-13
195,2,1779-07-13
200,522,1779-07-13
142,443,1779-07-13
74,934,1779-07-13
20,720,1779-07-14
141,433,1779-07-14
88,48,1779-07-15
142,13,1779-07-16
142,17,1779-07-17
113,47,1779-07-19
213,425,1779-07-20
31,255,1779-07-22
103,384,1779-07-22
143,1069,1779-07-24
110,63,1779-07-26
142,13,1779-07-27
110,73,1779-07-27
142,17,1779-07-31
210,2,1779-08-10
69,1073,1779-08-10
142,13,1779-08-12
142,443,1779-08-13
20,720,1779-08-14
142,17,1779-08-17
213,73,1779-08-17
20,57,1779-08-18
113,308,1779-08-20
217,422,1779-08-23
111,7,1779-08-24
153,433,1779-08-24
217,426,1779-08-24
141,1081,1779-09-01
20,57,1779-09-02
87,9,1779-09-03
143,1007,1779-09-04
220,1083,1779-09-05
71,1081,1779-09-06
213,73,1779-09-07
217,384,1779-09-09
156,48,1779-09-14
20,57,1779-09-16
142,267,1779-09-17
35,144,1779-09-20
175,1087,1779-09-21
141,845,1779-09-21
142,7,1779-09-21
178,238,1779-09-21
71,303,1779-09-22
24,422,1779-09-25
20,57,1779-09-25
141,845,1779-09-27
142,7,1779-09-27
142,17,1779-09-27
153,433,1779-09-27
142,7,1779-09-28
74,934,1779-09-28
111,7,1779-09-29
142,13,1779-09-29
142,433,1779-09-30
142,7,1779-10-01
225,89,1779-10-02
141,7,1779-10-04
225,1091,1779-10-05
20,57,1779-10-05
20,57,1779-10-07
141,21,1779-10-07
103,720,1779-10-09
142,7,1779-10-09
111,7,1779-10-12
221,425,1779-10-12
153,934,1779-10-12
206,21,1779-10-15
103,7,1779-10-16
103,7,1779-10-16
103,20,1779-10-16
144,914,1779-10-25
179,445,1779-10-26
205,664,1779-10-29
103,141,1779-10-30
142,7,1779-11-01
213,110,1779-11-01
142,7,1779-11-02
88,48,1779-11-04
195,1090,1779-11-09
200,522,1779-11-11
225,1091,1779-11-12
153,664,1779-11-12
217,422,1779-11-12
100,936,1779-11-13
153,934,1779-11-14
142,7,1779-11-16
71,720,1779-11-20
111,403,1779-11-24
225,89,1779-11-27
124,934,1779-11-30
102,57,1779-11-30
103,269,1779-12-02
168,263,1779-12-07
54,102,1779-12-07
178,641,1779-12-09
124,934,1779-12-14
206,214,1779-12-15
10,422,1779-12-20
124,934,1779-12-21
105,57,1779-12-21
142,13,1779-12-21
213,73,1779-12-24
124,934,1780-01-04
200,13,1780-01-04
178,238,1780-01-05
142,403,1780-01-06
10,190,1780-01-07
105,1104,1780-01-11
10,422,1780-01-11
206,21,1780-01-12
117,664,1780-01-14
117,21,1780-01-14
197,422,1780-01-14
103,720,1780-01-18
230,57,1780-01-21
206,174,1780-01-24
197,426,1780-01-25
111,443,1780-01-25
105,57,1780-01-28
197,422,1780-01-30
142,13,1780-02-01
231,17,1780-02-06
225,20,1780-02-07
142,13,1780-02-08
213,73,1780-02-08
225,47,1780-02-09
70,57,1780-02-09
102,20,1780-02-10
142,141,1780-02-12
24,422,1780-02-15
124,934,1780-02-15
102,57,1780-02-15
74,934,1780-02-15
206,433,1780-02-16
142,13,1780-02-16
111,103,1780-02-22
142,21,1780-02-23
142,13,1780-02-24
142,13,1780-02-28
204,89,1780-03-05
200,522,1780-03-06
225,89,1780-03-06
49,1087,1780-03-07
232,174,1780-03-07
54,1108,1780-03-11
54,21,1780-03-13
225,89,1780-03-13
213,425,1780-03-13
178,433,1780-03-14
206,174,1780-03-15
230,57,1780-03-15
103,664,1780-03-16
200,40,1780-03-17
24,422,1780-03-20
103,720,1780-03-20
182,1111,1780-03-20
142,13,1780-03-21
70,57,1780-03-21
100,17,1780-03-25
182,2,1780-03-27
197,422,1780-03-28
142,13,1780-03-28
122,80,1780-03-30
111,103,1780-04-03
124,934,1780-04-04
142,13,1780-04-04
142,433,1780-04-06
200,1114,1780-04-08
234,57,1780-04-09
111,544,1780-04-14
144,156,1780-04-15
103,422,1780-04-15
157,73,1780-04-17
200,1115,1780-04-17
124,934,1780-04-18
200,1116,1780-04-21
103,21,1780-04-22
178,102,1780-04-24
200,640,1780-04-28
25,21,1780-05-04
200,417,1780-05-05
225,89,1780-05-06
182,2,1780-05-06
25,54,1780-05-06
25,21,1780-05-09
197,422,1780-05-09
103,676,1780-05-09
200,1120,1780-05-10
25,54,1780-05-12
234,57,1780-05-12
225,54,1780-05-13
54,25,1780-05-13
111,653,1780-05-16
103,641,1780-05-17
111,103,1780-05-18
102,57,1780-05-18
200,668,1780-05-19
102,57,1780-05-19
200,213,1780-05-20
103,422,1780-05-20
103,21,1780-05-20
74,934,1780-05-21
102,54,1780-05-21
70,57,1780-05-21
25,285,1780-05-23
54,1124,1780-05-23
168,676,1780-05-25
54,57,1780-05-28
54,21,1780-05-28
103,720,1780-05-29
122,80,1780-05-30
237,934,1780-05-30
54,102,1780-05-30
168,676,1780-06-02
206,433,1780-06-06
234,230,1780-06-06
197,422,1780-06-08
195,2,1780-06-09
102,54,1780-06-09
178,238,1780-06-09
157,425,1780-06-09
122,80,1780-06-10
54,230,1780-06-10
168,111,1780-06-11
111,89,1780-06-11
102,230,1780-06-11
168,720,1780-06-12
239,1046,1780-06-12
100,837,1780-06-12
206,433,1780-06-15
103,676,1780-06-15
142,213,1780-06-15
25,54,1780-06-16
102,54,1780-06-16
70,57,1780-06-16
237,934,1780-06-18
200,226,1780-06-21
163,21,1780-06-21
102,21,1780-06-22
197,422,1780-06-23
213,425,1780-06-24
242,1087,1780-06-26
103,676,1780-06-29
102,57,1780-06-29
163,2,1780-06-30
142,111,1780-06-30
141,103,1780-07-08
13,7,1780-07-10
225,7,1780-07-11
237,934,1780-07-13
103,104,1780-07-14
54,384,1780-07-16
225,544,1780-07-17
168,1139,1780-07-19
237,664,1780-07-21
103,614,1780-07-22
10,422,1780-07-22
142,111,1780-07-24
100,9,1780-07-24
172,1087,1780-07-25
245,433,1780-07-28
242,1087,1780-08-01
172,1087,1780-08-01
141,17,1780-08-01
206,364,1780-08-03
246,1141,1780-08-06
163,21,1780-08-07
237,934,1780-08-08
168,1142,1780-08-09
10,104,1780-08-14
237,934,1780-08-15
172,1087,1780-08-15
142,141,1780-08-15
88,289,1780-08-15
237,433,1780-08-20
13,608,1780-08-22
237,934,1780-08-22
103,174,1780-08-22
237,934,1780-08-28
242,1087,1780-08-28
100,174,1780-08-29
24,422,1780-09-01
103,422,1780-09-01
237,934,1780-09-02
172,1087,1780-09-02
103,720,1780-09-02
103,422,1780-09-04
247,289,1780-09-06
25,57,1780-09-07
142,7,1780-09-07
216,9,1780-09-09
237,664,1780-09-09
242,1131,1780-09-09
182,163,1780-09-09
206,433,1780-09-11
242,162,1780-09-11
199,144,1780-09-12
103,422,1780-09-12
182,45,1780-09-12
13,271,1780-09-15
178,21,1780-09-15
5,425,1780-09-16
242,1087,1780-09-18
213,664,1780-09-18
225,445,1780-09-21
178,21,1780-09-24
49,1087,1780-09-26
225,80,1780-09-30
225,80,1780-10-02
239,197,1780-10-02
5,425,1780-10-02
13,443,1780-10-03
178,213,1780-10-03
244,174,1780-10-04
25,57,1780-10-07
199,144,1780-10-09
237,934,1780-10-10
25,21,1780-10-10
71,20,1780-10-12
178,21,1780-10-14
242,1087,1780-10-16
13,477,1780-10-17
239,422,1780-10-23
13,443,1780-10-24
142,668,1780-10-24
182,163,1780-10-24
219,433,1780-10-24
213,664,1780-10-27
160,7,1780-10-28
242,162,1780-10-30
122,350,1780-10-31
103,676,1780-10-31
103,664,1780-10-31
5,21,1780-11-02
193,1087,1780-11-06
13,615,1780-11-07
182,45,1780-11-07
237,934,1780-11-09
219,1151,1780-11-09
247,154,1780-11-10
13,477,1780-11-11
120,21,1780-11-11
25,57,1780-11-14
5,425,1780-11-15
103,676,1780-11-16
103,664,1780-11-16
103,720,1780-11-17
5,40,1780-11-18
142,111,1780-11-20
33,620,1780-11-20
182,163,1780-11-21
182,163,1780-11-25
5,21,1780-11-26
13,111,1780-11-27
103,2,1780-11-27
142,403,1780-11-27
25,57,1780-11-28
225,80,1780-11-28
182,163,1780-11-28
25,174,1780-11-30
142,403,1780-11-30
237,934,1780-12-04
142,200,1780-12-05
25,21,1780-12-09
231,399,1780-12-11
242,162,1780-12-11
242,1087,1780-12-11
5,425,1780-12-11
182,163,1780-12-12
33,2,1780-12-12
142,7,1780-12-14
243,154,1780-12-14
25,174,1780-12-16
127,80,1780-12-16
13,7,1780-12-17
231,2,1780-12-17
103,1157,1780-12-17
243,154,1780-12-17
100,7,1780-12-18
104,422,1780-12-18
142,200,1780-12-19
13,7,1780-12-20
142,47,1780-12-21
100,31,1780-12-25
5,425,1780-12-25
71,31,1780-12-25
144,845,1780-12-26
105,57,1780-12-26
217,422,1780-12-27
104,845,1780-12-27
103,422,1780-12-29
13,627,1780-12-30
237,934,1780-12-30
13,443,1781-01-01
103,1159,1781-01-01
33,2,1781-01-01
142,7,1781-01-08
217,422,1781-01-08
104,422,1781-01-09
182,664,1781-01-13
13,17,1781-01-15
24,422,1781-01-16
231,399,1781-01-26
5,252,1781-01-27
25,21,1781-01-29
178,80,1781-01-29
217,422,1781-01-29
217,131,1781-01-29
5,21,1781-01-29
251,934,1781-01-29
178,21,1781-01-30
13,477,1781-02-01
13,443,1781-02-01
142,615,1781-02-01
142,433,1781-02-01
100,1168,1781-02-03
251,1169,1781-02-03
5,425,1781-02-05
103,720,1781-02-08
217,197,1781-02-08
217,239,1781-02-08
24,422,1781-02-09
227,21,1781-02-10
227,174,1781-02-11
87,336,1781-02-12
178,80,1781-02-12
251,433,1781-02-15
196,1171,1781-02-25
163,21,1781-02-27
219,21,1781-02-27
250,103,1781-02-28
254,263,1781-02-28
245,433,1781-03-03
178,80,1781-03-06
5,425,1781-03-06
252,103,1781-03-09
5,21,1781-03-09
70,57,1781-03-11
13,1007,1781-03-13
255,9,1781-03-13
142,111,1781-03-16
217,422,1781-03-16
105,57,1781-03-20
103,720,1781-03-23
217,755,1781-03-24
104,422,1781-03-24
13,1007,1781-03-27
238,845,1781-03-28
225,100,1781-03-31
251,934,1781-04-02
217,422,1781-04-03
104,587,1781-04-03
103,422,1781-04-16
182,2,1781-04-16
178,21,1781-04-16
33,2,1781-04-17
142,89,1781-04-21
142,111,1781-04-23
33,2,1781-04-24
33,2,1781-04-27
87,664,1781-04-30
243,1134,1781-04-30
249,430,1781-05-01
182,2,1781-05-01
178,21,1781-05-02
5,21,1781-05-02
208,751,1781-05-05
249,430,1781-05-08
231,399,1781-05-11
103,422,1781-05-14
219,25,1781-05-14
178,664,1781-05-20
219,144,1781-05-21
208,154,1781-05-28
235,912,1781-05-28
219,664,1781-05-28
182,45,1781-05-29
26,425,1781-05-29
163,21,1781-05-31
103,720,1781-06-01
103,40,1781-06-02
103,664,1781-06-03
219,144,1781-06-04
251,934,1781-06-08
208,751,1781-06-11
245,433,1781-06-13
255,9,1781-06-14
255,9,1781-06-15
142,403,1781-06-16
163,21,1781-06-20
196,2,1781-06-21
245,845,1781-06-22
255,1181,1781-06-23
142,403,1781-06-26
103,1182,1781-06-27
71,89,1781-06-29
5,21,1781-07-02
231,399,1781-07-03
251,934,1781-07-03
182,570,1781-07-07
100,13,1781-07-08
33,840,1781-07-09
258,271,1781-07-10
5,425,1781-07-10
71,20,1781-07-11
258,1184,1781-07-12
142,403,1781-07-13
100,21,1781-07-14
100,21,1781-07-17
257,1087,1781-07-17
5,653,1781-07-17
208,116,1781-07-23
208,751,1781-07-24
251,543,1781-07-24
33,106,1781-07-24
226,200,1781-07-31
197,422,1781-08-01
100,912,1781-08-06
100,1190,1781-08-06
142,213,1781-08-07
70,57,1781-08-07
10,422,1781-08-07
70,57,1781-08-09
230,1191,1781-08-11
100,21,1781-08-12
245,664,1781-08-14
233,425,1781-08-14
178,664,1781-08-14
74,934,1781-08-14
231,399,1781-08-20
25,57,1781-08-20
251,21,1781-08-20
253,1087,1781-08-21
230,57,1781-08-21
70,57,1781-08-21
251,21,1781-08-21
142,1194,1781-08-23
187,80,1781-08-25
230,105,1781-08-28
230,395,1781-08-28
10,197,1781-08-28
231,1196,1781-08-29
253,1087,1781-09-04
230,57,1781-09-08
70,57,1781-09-09
142,111,1781-09-11
230,1191,1781-09-14
251,664,1781-09-17
208,751,1781-09-18
33,106,1781-09-18
33,106,1781-09-25
230,57,1781-09-26
100,21,1781-09-26
70,57,1781-09-26
178,21,1781-10-01
182,45,1781-10-02
226,40,1781-10-02
142,403,1781-10-09
33,106,1781-10-09
33,106,1781-10-16
100,47,1781-10-20
178,664,1781-10-22
122,1203,1781-10-23
242,1131,1781-10-27
182,45,1781-10-30
100,520,1781-11-03
233,425,1781-11-06
215,106,1781-11-07
233,425,1781-11-13
258,271,1781-11-13
242,676,1781-11-15
124,934,1781-11-18
182,2,1781-11-18
263,991,1781-11-23
182,45,1781-11-27
43,1202,1781-12-03
142,403,1781-12-04
262,289,1781-12-05
74,934,1781-12-06
43,873,1781-12-09
242,720,1781-12-12
142,13,1781-12-13
242,664,1781-12-14
122,1203,1781-12-17
74,934,1781-12-18
104,422,1781-12-19
74,934,1782-01-07
182,45,1782-01-08
33,66,1782-01-08
104,422,1782-01-08
242,1131,1782-01-14
182,2,1782-01-15
182,45,1782-01-22
182,215,1782-01-22
242,720,1782-01-27
105,57,1782-01-31
258,271,1782-02-02
253,1087,1782-02-10
258,271,1782-02-12
242,1131,1782-02-14
33,66,1782-02-15
258,271,1782-02-20
234,57,1782-03-02
130,269,1782-03-04
187,1211,1782-03-05
70,57,1782-03-05
187,1192,1782-03-09
163,45,1782-03-09
104,422,1782-03-09
242,751,1782-03-11
266,720,1782-03-12
70,57,1782-03-12
70,57,1782-03-15
256,346,1782-03-25
182,2,1782-03-26
62,693,1782-03-26
70,57,1782-03-29
231,399,1782-04-09
182,2,1782-04-16
74,934,1782-04-16
267,1216,1782-04-20
267,13,1782-04-21
105,57,1782-04-23
182,45,1782-04-23
33,66,1782-04-23
159,422,1782-04-30
182,215,1782-05-01
130,178,1782-05-06
74,934,1782-05-07
231,399,1782-05-13
182,215,1782-05-14
258,200,1782-05-14
33,66,1782-05-14
122,1091,1782-05-22
271,13,1782-05-28
33,66,1782-05-28
182,215,1782-05-29
272,1215,1782-06-02
242,751,1782-06-04
182,215,1782-06-04
273,751,1782-06-04
182,215,1782-06-06
274,664,1782-06-09
275,425,1782-06-09
264,1220,1782-06-10
231,399,1782-06-11
242,751,1782-06-11
242,1131,1782-06-12
271,1219,1782-06-14
24,422,1782-06-17
170,111,1782-06-17
170,111,1782-06-18
182,267,1782-06-25
182,45,1782-06-25
242,1087,1782-07-02
267,170,1782-07-06
271,13,1782-07-08
74,934,1782-07-09
43,1224,1782-07-13
239,1221,1782-07-13
182,215,1782-07-16
130,269,1782-07-18
242,720,1782-07-20
242,1131,1782-07-23
182,215,1782-07-23
24,422,1782-07-29
100,216,1782-07-29
276,934,1782-07-30
276,89,1782-07-31
230,374,1782-08-02
276,1228,1782-08-03
277,111,1782-08-03
25,57,1782-08-04
239,1230,1782-08-05
182,215,1782-08-05
276,1222,1782-08-06
267,13,1782-08-06
100,13,1782-08-06
267,7,1782-08-07
62,40,1782-08-07
231,399,1782-08-09
33,66,1782-08-09
276,124,1782-08-10
182,215,1782-08-13
33,66,1782-08-13
25,54,1782-08-16
182,215,1782-08-17
267,443,1782-08-17
127,154,1782-08-17
25,57,1782-08-20
182,215,1782-08-20
276,1208,1782-08-23
25,252,1782-08-28
258,1232,1782-08-28
258,1232,1782-08-28
279,1229,1782-09-02
182,215,1782-09-03
242,1131,1782-09-04
25,1233,1782-09-05
258,271,1782-09-09
276,377,1782-09-10
182,215,1782-09-10
274,664,1782-09-10
130,178,1782-09-10
44,1226,1782-09-11
230,57,1782-09-11
25,374,1782-09-15
122,1234,1782-09-16
275,73,1782-09-17
258,541,1782-09-17
276,1228,1782-09-19
70,57,1782-09-21
253,1087,1782-09-24
182,215,1782-09-24
258,271,1782-09-25
44,422,1782-09-25
276,1236,1782-09-25
122,1203,1782-09-26
182,215,1782-09-30
267,7,1782-10-01
253,208,1782-10-08
25,57,1782-10-09
276,1208,1782-10-09
276,1238,1782-10-09
230,57,1782-10-09
25,21,1782-10-12
276,1228,1782-10-12
276,1238,1782-10-12
281,934,1782-10-13
231,1126,1782-10-15
276,946,1782-10-16
230,57,1782-10-16
276,664,1782-10-18
44,422,1782-10-19
74,934,1782-10-19
88,1229,1782-10-22
187,80,1782-10-23
258,40,1782-10-23
264,1240,1782-10-23
88,1229,1782-10-25
230,374,1782-10-28
275,425,1782-10-29
187,1243,1782-10-30
276,1228,1782-10-30
258,271,1782-10-30
280,1246,1782-11-04
276,1228,1782-11-05
276,664,1782-11-05
230,1191,1782-11-05
182,215,1782-11-05
230,57,1782-11-05
44,422,1782-11-08
88,1229,1782-11-09
264,16,1782-11-10
163,45,1782-11-12
285,1247,1782-11-12
258,271,1782-11-14
280,1246,1782-11-15
25,57,1782-11-15
276,1238,1782-11-17
264,16,1782-11-17
182,215,1782-11-19
258,271,1782-11-19
264,1249,1782-11-20
258,271,1782-11-23
182,215,1782-11-26
122,641,1782-12-03
182,215,1782-12-03
258,541,1782-12-04
280,934,1782-12-06
280,1246,1782-12-07
182,215,1782-12-10
187,934,1782-12-11
122,673,1782-12-16
182,215,1782-12-17
280,934,1782-12-18
253,126,1782-12-21
264,1249,1782-12-23
187,1148,1782-12-24
182,215,1782-12-24
33,66,1782-12-24
187,673,1782-12-25
187,21,1782-12-25
104,1251,1782-12-25
288,1252,1782-12-26
278,1237,1782-12-28
182,215,1782-12-30
33,66,1782-12-31
274,1225,1783-01-02
269,289,1783-01-04
258,271,1783-01-06
264,1249,1783-01-06
287,1253,1783-01-07
280,934,1783-01-08
289,430,1783-01-08
275,73,1783-01-09
267,7,1783-01-14
104,1251,1783-01-15
105,57,1783-01-16
104,602,1783-01-22
104,1251,1783-01-22
44,510,1783-01-24
44,422,1783-01-25
182,215,1783-01-28
88,1229,1783-01-28
293,271,1783-01-29
267,13,1783-01-29
104,1251,1783-01-29
182,215,1783-02-04
74,934,1783-02-04
282,1242,1783-02-10
280,1208,1783-02-11
182,2,1783-02-11
288,1252,1783-02-11
44,1226,1783-02-12
105,230,1783-02-12
104,1251,1783-02-12
285,21,1783-02-13
285,57,1783-02-14
279,430,1783-02-17
70,57,1783-02-17
104,1251,1783-02-19
285,57,1783-02-24
182,215,1783-02-25
293,1006,1783-02-26
200,14,1783-02-26
163,21,1783-02-27
44,131,1783-03-02
231,215,1783-03-03
70,57,1783-03-05
286,433,1783-03-05
284,425,1783-03-05
280,276,1783-03-08
182,215,1783-03-11
297,216,1783-03-12
187,1148,1783-03-12
187,21,1783-03-12
253,154,1783-03-12
105,57,1783-03-12
275,425,1783-03-12
298,9,1783-03-12
182,215,1783-03-12
49,126,1783-03-12
33,66,1783-03-12
267,21,1783-03-13
288,364,1783-03-13
286,433,1783-03-13
187,21,1783-03-17
105,57,1783-03-17
285,21,1783-03-17
44,422,1783-03-18
182,215,1783-03-18
49,126,1783-03-18
296,1259,1783-03-18
33,66,1783-03-18
231,21,1783-03-22
187,21,1783-03-23
297,16,1783-03-24
231,1174,1783-03-24
285,21,1783-03-24
70,57,1783-03-24
88,1229,1783-03-24
33,66,1783-03-24
88,1229,1783-03-24
87,21,1783-03-25
285,21,1783-03-25
283,126,1783-03-25
104,1262,1783-03-25
280,934,1783-03-28
182,215,1783-04-01
33,66,1783-04-01
44,1226,1783-04-02
274,1225,1783-04-02
104,1251,1783-04-02
44,422,1783-04-03
294,1264,1783-04-07
187,40,1783-04-08
285,21,1783-04-08
187,1211,1783-04-10
33,66,1783-04-10
163,1126,1783-04-11
296,711,1783-04-11
280,1246,1783-04-12
187,21,1783-04-12
44,422,1783-04-12
87,89,1783-04-14
182,215,1783-04-15
231,21,1783-04-16
200,668,1783-04-16
200,1266,1783-04-16
44,422,1783-04-17
294,154,1783-04-17
182,2,1783-04-22
197,1009,1783-04-23
70,57,1783-04-23
286,904,1783-04-23
74,934,1783-04-23
187,47,1783-04-28
200,656,1783-04-30
163,21,1783-05-06
44,1226,1783-05-07
44,131,1783-05-10
182,2,1783-05-13
285,57,1783-05-14
294,13,1783-05-20
182,215,1783-05-20
288,360,1783-05-23
50,360,1783-05-27
278,125,1783-05-30
285,57,1783-06-01
197,422,1783-06-04
299,1102,1783-06-05
33,66,1783-06-05
62,263,1783-06-06
279,1253,1783-06-07
294,13,1783-06-10
182,2,1783-06-10
182,215,1783-06-10
182,215,1783-06-17
197,422,1783-06-18
200,640,1783-06-18
200,1114,1783-06-18
279,1273,1783-06-21
262,1229,1783-06-24
285,57,1783-06-29
295,172,1783-07-01
62,40,1783-07-03
71,1274,1783-07-04
182,66,1783-07-07
288,128,1783-07-08
197,422,1783-07-10
187,1278,1783-07-15
286,104,1783-07-15
182,2,1783-07-17
267,1007,1783-07-17
295,329,1783-07-19
294,154,1783-07-21
267,399,1783-07-21
267,1282,1783-07-23
187,128,1783-07-25
285,20,1783-07-25
71,1274,1783-07-25
285,57,1783-07-27
276,154,1783-07-28
182,215,1783-07-28
71,1274,1783-07-29
276,1228,1783-07-30
200,1114,1783-07-31
88,1229,1783-08-01
187,673,1783-08-04
294,293,1783-08-05
298,216,1783-08-05
279,1253,1783-08-08
262,182,1783-08-09
182,2,1783-08-11
25,942,1783-08-12
70,57,1783-08-12
267,443,1783-08-13
200,1136,1783-08-14
187,47,1783-08-15
87,71,1783-08-15
253,291,1783-08-16
122,1287,1783-08-16
262,1229,1783-08-16
230,1191,1783-08-17
71,279,1783-08-19
187,733,1783-08-20
294,13,1783-08-21
230,57,1783-08-22
88,1229,1783-08-23
33,66,1783-08-23
276,1222,1783-08-24
276,1292,1783-08-26
200,640,1783-08-29
70,89,1783-08-30
124,1294,1783-09-01
24,422,1783-09-02
182,1111,1783-09-08
182,45,1783-09-08
182,215,1783-09-08
74,934,1783-09-08
33,66,1783-09-08
276,934,1783-09-09
296,1007,1783-09-11
296,1259,1783-09-13
71,1274,1783-09-15
187,102,1783-09-16
230,57,1783-09-16
230,1191,1783-09-16
71,1274,1783-09-17
279,1229,1783-09-17
285,31,1783-09-17
71,1274,1783-09-18
276,1297,1783-09-18
70,57,1783-09-19
230,1191,1783-09-20
182,2,1783-09-20
296,711,1783-09-20
276,1228,1783-09-25
88,1229,1783-09-26
262,1229,1783-09-27
276,1228,1783-09-27
276,349,1783-09-27
182,215,1783-09-30
187,1286,1783-10-02
300,63,1783-10-02
300,425,1783-10-02
200,1299,1783-10-02
262,1253,1783-10-04
33,66,1783-10-04
24,422,1783-10-05
294,111,1783-10-06
296,1007,1783-10-08
24,422,1783-10-09
200,40,1783-10-09
200,1109,1783-10-09
103,1301,1783-10-09
230,57,1783-10-09
74,934,1783-10-09
182,215,1783-10-13
71,1274,1783-10-13
294,200,1783-10-14
71,1274,1783-10-15
267,443,1783-10-16
70,57,1783-10-16
71,1274,1783-10-17
295,1258,1783-10-19
88,1229,1783-10-19
71,1274,1783-10-19
71,1274,1783-10-20
262,1253,1783-10-22
187,102,1783-10-23
300,425,1783-10-23
187,1303,1783-10-24
55,31,1783-10-24
71,1274,1783-10-24
253,641,1783-10-28
187,47,1783-11-01
33,66,1783-11-01
49,764,1783-11-03
2,490,1783-11-10
71,1307,1783-11-10
2,66,1783-11-11
296,1308,1783-11-17
111,7,1783-11-23
25,57,1783-11-25
279,287,1783-11-28
124,170,1783-12-03
258,7,1783-12-07
296,66,1783-12-10
2,182,1783-12-11
258,7,1783-12-14
2,45,1783-12-16
304,17,1783-12-16
2,66,1783-12-17
298,216,1783-12-18
124,239,1783-12-19
111,200,1783-12-20
295,1258,1783-12-21
276,934,1783-12-24
292,1310,1783-12-25
298,216,1783-12-30
2,66,1783-12-31
2,182,1784-01-01
307,360,1784-01-05
300,425,1784-01-08
303,1315,1784-01-14
24,131,1784-01-15
71,47,1784-01-15
71,20,1784-01-15
2,66,1784-01-16
2,45,1784-01-18
71,286,1784-01-19
10,65,1784-01-20
33,806,1784-01-23
124,934,1784-02-01
276,934,1784-02-01
276,934,1784-02-01
258,294,1784-02-02
276,934,1784-02-05
55,263,1784-02-05
276,1323,1784-02-10
279,1273,1784-02-12
304,66,1784-02-14
258,42,1784-02-14
292,216,1784-02-16
304,17,1784-02-17
2,182,1784-02-20
33,66,1784-02-20
276,280,1784-02-21
10,1324,1784-02-21
305,1229,1784-02-24
308,80,1784-02-25
2,45,1784-02-29
301,1320,1784-03-01
2,66,1784-03-03
26,425,1784-03-03
111,294,1784-03-04
308,1328,1784-03-05
310,73,1784-03-05
288,31,1784-03-07
304,71,1784-03-08
276,1323,1784-03-12
305,1229,1784-03-12
2,21,1784-03-15
2,182,1784-03-16
305,1229,1784-03-16
279,1229,1784-03-19
276,1323,1784-03-23
279,21,1784-03-24
304,66,1784-03-26
279,1229,1784-03-30
303,720,1784-04-01
308,1328,1784-04-02
124,239,1784-04-03
258,111,1784-04-03
308,80,1784-04-06
10,1335,1784-04-09
124,1323,1784-04-10
296,1336,1784-04-10
276,1323,1784-04-12
2,21,1784-04-16
313,1338,1784-04-18
276,1323,1784-04-19
70,263,1784-04-24
111,722,1784-04-25
2,182,1784-04-25
279,1229,1784-04-29
2,66,1784-04-30
300,73,1784-05-01
2,129,1784-05-03
10,131,1784-05-04
111,174,1784-05-05
26,425,1784-05-05
111,13,1784-05-07
290,554,1784-05-07
2,66,1784-05-07
288,1252,1784-05-07
288,128,1784-05-07
2,182,1784-05-08
2,1343,1784-05-11
267,7,1784-05-11
10,684,1784-05-11
111,294,1784-05-13
33,66,1784-05-13
310,425,1784-05-15
308,1328,1784-05-17
308,303,1784-05-17
71,2,1784-05-19
303,2,1784-05-20
304,2,1784-05-20
314,102,1784-05-24
304,2,1784-05-25
303,1347,1784-05-29
276,1323,1784-05-31
303,1161,1784-05-31
33,66,1784-06-04
304,66,1784-06-11
111,7,1784-06-16
71,141,1784-06-17
71,20,1784-06-18
71,2,1784-06-18
71,311,1784-06-20
43,921,1784-06-24
311,66,1784-06-24
170,111,1784-06-28
279,1229,1784-07-05
170,557,1784-07-15
312,124,1784-07-15
170,111,1784-07-20
304,2,1784-07-20
290,57,1784-07-22
310,10,1784-08-10
290,288,1784-08-13
301,21,1784-08-13
71,47,1784-08-13
310,1348,1784-08-17
71,288,1784-08-22
301,1320,1784-09-04
71,2,1784-10-01
304,2,1784-11-01
279,1273,1784-11-02
296,182,1784-11-12
304,182,1784-11-15
17,182,1784-11-20
17,21,1784-11-20
17,182,1784-11-26
304,1357,1784-11-26
315,1320,1784-12-02
311,436,1784-12-05
279,2,1784-12-11
304,182,1784-12-14
17,436,1784-12-18
304,182,1784-12-18
305,1229,1784-12-18
71,31,1784-12-22
305,290,1784-12-28
315,1320,1784-12-30
116,764,1785-01-11
276,934,1785-01-12
279,31,1785-01-14
311,436,1785-01-17
321,31,1785-01-19
200,1365,1785-01-24
130,1320,1785-01-25
323,1367,1785-01-26
124,1020,1785-01-28
124,934,1785-01-28
304,296,1785-01-29
304,182,1785-02-01
304,1369,1785-02-05
55,341,1785-02-07
276,934,1785-02-09
321,341,1785-02-11
49,126,1785-02-11
33,436,1785-02-13
17,436,1785-02-14
315,1320,1785-02-14
200,1299,1785-02-19
279,21,1785-02-19
276,154,1785-02-20
304,296,1785-02-20
111,2,1785-02-25
306,468,1785-02-25
71,20,1785-03-02
304,182,1785-03-06
71,2,1785-03-06
71,541,1785-03-09
327,21,1785-03-10
305,430,1785-03-10
17,13,1785-03-14
200,472,1785-03-21
71,1274,1785-03-24
318,111,1785-03-24
328,80,1785-03-25
330,1376,1785-04-02
33,436,1785-04-02
311,1327,1785-04-05
304,2,1785-04-12
308,80,1785-04-13
327,21,1785-04-15
323,10,1785-04-20
200,1136,1785-04-23
71,1274,1785-04-29
276,934,1785-04-29
327,182,1785-05-01
318,111,1785-05-01
17,21,1785-05-03
327,21,1785-05-05
304,182,1785-05-05
318,111,1785-05-08
17,2,1785-05-16
318,111,1785-05-19
318,111,1785-05-23
71,1376,1785-06-02
331,850,1785-06-04
318,111,1785-06-05
305,48,1785-06-05
17,1327,1785-06-13
327,1327,1785-06-15
274,2,1785-06-15
304,2,1785-06-16
331,850,1785-06-22
200,1394,1785-06-23
335,830,1785-06-24
327,182,1785-06-27
33,436,1785-06-27
336,664,1785-06-30
295,208,1785-07-04
276,374,1785-07-12
304,182,1785-07-12
331,850,1785-07-13
111,7,1785-07-14
304,2,1785-07-15
331,850,1785-07-18
71,31,1785-07-19
71,20,1785-07-22
17,21,1785-07-23
327,21,1785-07-25
318,1360,1785-07-25
304,182,1785-07-26
331,850,1785-07-27
17,7,1785-08-01
295,21,1785-08-01
111,7,1785-08-03
71,676,1785-08-03
274,1225,1785-08-06
17,182,1785-08-11
304,182,1785-08-14
200,1399,1785-08-15
304,2,1785-08-15
71,1319,1785-08-15
124,934,1785-08-18
323,602,1785-08-18
327,182,1785-08-21
276,934,1785-08-23
62,608,1785-08-23
71,720,1785-08-24
71,676,1785-08-29
62,608,1785-09-03
71,608,1785-09-06
318,340,1785-09-17
295,751,1785-09-27
111,13,1785-09-30
321,31,1785-10-01
71,930,1785-10-05
71,608,1785-10-07
200,226,1785-10-08
17,154,1785-10-10
17,21,1785-10-11
327,182,1785-10-14
17,1356,1785-10-14
111,855,1785-10-15
318,1006,1785-10-17
17,304,1785-10-17
62,608,1785-10-17
17,7,1785-10-23
17,7,1785-10-24
62,1006,1785-10-27
276,934,1785-10-29
17,2,1785-10-29
17,847,1785-10-30
318,7,1785-11-02
62,608,1785-11-02
71,2,1785-11-02
318,1006,1785-11-03
318,1006,1785-11-07
33,436,1785-11-07
111,7,1785-11-08
327,182,1785-11-14
327,182,1785-11-22
327,304,1785-11-28
49,764,1785-11-28
49,764,1785-11-28
318,7,1785-12-04
318,1360,1785-12-08
342,1319,1785-12-09
342,1319,1785-12-09
318,7,1785-12-10
336,1410,1785-12-11
336,1410,1785-12-17
336,1410,1785-12-18
304,182,1785-12-26
130,930,1785-12-27
55,47,1785-12-31
340,1413,1786-01-08
71,31,1786-01-09
340,154,1786-01-10
71,341,1786-01-13
274,1225,1786-01-18
304,2,1786-01-19
340,1414,1786-01-20
130,930,1786-01-28
319,977,1786-01-29
340,1419,1786-01-31
274,676,1786-01-31
318,7,1786-02-01
71,1421,1786-02-03
71,1422,1786-02-03
341,752,1786-02-08
340,13,1786-02-11
340,1423,1786-02-11
71,436,1786-02-18
340,1006,1786-02-19
318,200,1786-02-19
345,323,1786-02-21
71,216,1786-02-22
293,1006,1786-02-23
293,1006,1786-03-01
71,16,1786-03-01
71,1427,1786-03-04
293,443,1786-03-06
341,752,1786-03-11
304,182,1786-03-19
327,17,1786-03-22
327,182,1786-03-22
71,1430,1786-03-23
320,63,1786-03-29
49,765,1786-04-02
323,1432,1786-04-03
344,1433,1786-04-04
293,608,1786-04-05
24,602,1786-04-12
347,855,1786-04-13
274,187,1786-04-13
274,128,1786-04-13
318,111,1786-04-16
344,1437,1786-04-19
304,20,1786-04-20
344,21,1786-04-21
318,277,1786-04-22
318,7,1786-05-02
318,7,1786-05-05
304,2,1786-05-11
323,1432,1786-05-14
318,111,1786-05-14
336,384,1786-05-14
274,7,1786-05-14
349,1441,1786-05-17
318,608,1786-05-18
304,182,1786-05-18
349,1442,1786-05-19
318,352,1786-05-21
304,17,1786-05-24
349,205,1786-05-26
327,21,1786-05-27
336,384,1786-05-27
327,182,1786-05-28
304,182,1786-05-31
320,63,1786-06-01
340,1414,1786-06-03
318,111,1786-06-04
349,1323,1786-06-09
349,1228,1786-06-09
340,608,1786-06-10
318,277,1786-06-11
293,1006,1786-06-16
304,2,1786-06-16
293,608,1786-06-17
318,111,1786-06-18
352,1446,1786-06-24
71,720,1786-06-28
71,1447,1786-06-29
71,2,1786-07-08
304,111,1786-07-14
349,1228,1786-07-15
304,2,1786-07-16
33,436,1786-07-17
354,544,1786-07-24
71,930,1786-07-26
71,1455,1786-07-27
348,48,1786-07-28
349,1457,1786-08-03
320,63,1786-08-06
320,5,1786-08-06
352,1458,1786-08-06
344,21,1786-08-07
351,5,1786-08-11
304,436,1786-08-12
348,48,1786-08-16
304,57,1786-08-16
304,5,1786-08-16
304,2,1786-08-19
304,21,1786-08-20
346,304,1786-08-20
318,111,1786-08-26
233,5,1786-08-26
348,48,1786-08-28
347,224,1786-09-01
318,277,1786-09-03
304,182,1786-09-03
357,20,1786-09-03
348,48,1786-09-04
347,304,1786-09-13
130,930,1786-09-15
318,608,1786-09-17
318,111,1786-09-17
346,1461,1786-09-17
74,205,1786-09-28
348,48,1786-09-29
344,21,1786-10-01
318,7,1786-10-02
304,182,1786-10-02
318,7,1786-10-03
344,21,1786-10-11
349,1228,1786-10-11
71,676,1786-10-11
304,2,1786-10-12
130,930,1786-10-16
344,399,1786-10-20
318,352,1786-10-22
344,1433,1786-10-28
71,274,1786-11-04
318,111,1786-11-05
130,930,1786-11-06
336,303,1786-11-08
344,1433,1786-11-11
344,21,1786-11-11
318,1360,1786-11-19
327,304,1786-11-22
360,1465,1786-12-01
347,215,1786-12-08
348,914,1786-12-16
71,752,1786-12-21
318,25,1787-01-08
287,1253,1787-01-10
287,48,1787-01-12
287,1469,1787-01-13
323,1386,1787-01-17
318,344,1787-02-10
362,1168,1787-02-10
318,111,1787-02-11
182,2,1787-02-15
182,215,1787-02-18
182,21,1787-02-21
182,45,1787-02-24
182,1111,1787-02-25
182,215,1787-02-25
33,215,1787-02-26
287,1253,1787-03-01
62,608,1787-03-07
262,2,1787-03-08
346,291,1787-03-10
182,215,1787-03-11
182,21,1787-03-18
182,2,1787-03-19
88,48,1787-03-19
346,840,1787-03-19
251,1475,1787-03-20
318,111,1787-03-25
182,215,1787-03-25
319,359,1787-03-27
346,653,1787-03-27
340,1476,1787-03-30
347,215,1787-04-02
182,215,1787-04-02
251,946,1787-04-06
74,57,1787-04-07
74,205,1787-04-07
182,215,1787-04-08
323,1432,1787-04-12
361,399,1787-04-14
327,1327,1787-04-16
182,21,1787-04-16
88,48,1787-04-18
182,45,1787-04-22
62,608,1787-04-22
182,2,1787-04-23
74,205,1787-04-24
327,304,1787-04-30
347,304,1787-05-01
182,364,1787-05-05
343,323,1787-05-13
361,1478,1787-05-19
293,1006,1787-05-22
327,182,1787-05-24
327,304,1787-05-29
287,1253,1787-06-03
340,293,1787-06-06
182,2,1787-06-06
344,1481,1787-06-08
340,294,1787-06-09
262,2,1787-06-09
340,1006,1787-06-12
327,1481,1787-06-12
347,182,1787-06-13
293,1264,1787-06-18
251,21,1787-06-18
340,293,1787-06-22
262,48,1787-07-10
17,76,1787-07-14
17,21,1787-07-15
340,318,1787-07-16
364,1315,1787-07-22
17,1356,1787-07-22
347,182,1787-07-25
371,1487,1787-07-31
251,200,1787-08-04
327,304,1787-08-08
346,676,1787-08-13
373,48,1787-08-16
334,384,1787-08-16
17,1433,1787-08-22
364,1490,1787-09-01
17,7,1787-09-03
182,2,1787-09-06
88,48,1787-09-18
361,399,1787-09-28
182,21,1787-09-30
17,1491,1787-10-01
17,576,1787-10-02
17,13,1787-10-05
372,1488,1787-10-08
319,1362,1787-10-08
340,1458,1787-10-10
17,21,1787-10-11
182,1483,1787-10-11
182,21,1787-10-18
182,215,1787-10-21
327,304,1787-10-22
347,2,1787-10-23
130,1493,1787-10-24
17,13,1787-10-27
182,45,1787-10-28
182,21,1787-10-28
182,1495,1787-10-30
371,5,1787-10-31
33,215,1787-11-03
182,1483,1787-11-08
347,2,1787-11-10
327,1327,1787-11-10
351,48,1787-11-13
182,21,1787-11-18
347,795,1787-11-20
33,215,1787-11-22
347,1496,1787-11-26
375,443,1787-11-27
182,215,1787-12-02
182,2,1787-12-09
182,433,1787-12-11
33,215,1787-12-11
182,1495,1787-12-14
182,21,1787-12-14
377,1497,1787-12-16
377,1495,1787-12-16
182,2,1787-12-20
182,21,1787-12-20
378,399,1787-12-28
343,1432,1787-12-31
371,63,1788-01-06
182,215,1788-01-10
379,380,1788-01-15
182,380,1788-01-20
182,215,1788-01-20
182,21,1788-01-25
182,21,1788-01-28
182,21,1788-02-03
385,1501,1788-02-13
195,291,1788-02-18
182,2,1788-02-19
130,1493,1788-02-19
182,45,1788-02-21
195,291,1788-03-03
340,200,1788-03-15
377,1497,1788-03-17
371,5,1788-03-22
195,182,1788-03-24
381,855,1788-03-29
389,1510,1788-04-06
381,1511,1788-04-12
195,182,1788-04-14
336,47,1788-04-14
378,399,1788-04-17
378,399,1788-04-17
71,295,1788-04-19
340,386,1788-04-20
347,2,1788-04-24
375,443,1788-04-24
340,352,1788-04-27
381,5,1788-05-03
375,641,1788-05-08
340,13,1788-05-10
377,182,1788-05-12
347,2,1788-05-14
381,1504,1788-05-21
71,124,1788-05-26
279,249,1788-05-26
62,40,1788-05-27
375,1006,1788-05-27
347,182,1788-05-28
374,1518,1788-05-28
347,182,1788-05-31
347,215,1788-05-31
279,182,1788-06-02
377,1519,1788-06-05
375,352,1788-06-06
377,182,1788-06-07
340,1222,1788-06-07
340,1485,1788-06-08
285,182,1788-06-08
347,2,1788-06-09
381,1502,1788-06-09
71,1522,1788-06-10
377,1497,1788-06-21
130,1493,1788-06-21
377,1523,1788-06-22
340,352,1788-06-22
377,1495,1788-06-25
381,1521,1788-06-25
381,1511,1788-06-26
71,31,1788-06-30
391,205,1788-07-02
381,1502,1788-07-02
182,215,1788-07-02
340,356,1788-07-03
71,1525,1788-07-03
375,7,1788-07-07
392,430,1788-07-07
279,430,1788-07-07
377,1526,1788-07-09
377,1497,1788-08-05
360,52,1788-08-07
377,2,1788-08-10
182,2,1788-08-10
285,1529,1788-08-12
130,1493,1788-08-16
182,1111,1788-08-18
381,855,1788-08-18
360,128,1788-08-19
182,2,1788-08-23
279,430,1788-08-23
122,80,1788-08-26
285,80,1788-08-29
272,154,1788-09-04
279,1329,1788-09-06
279,249,1788-09-06
385,354,1788-09-12
344,21,1788-09-13
182,215,1788-09-14
182,21,1788-09-14
347,304,1788-09-15
386,1507,1788-09-16
279,249,1788-09-17
285,1535,1788-09-17
182,2,1788-09-21
392,430,1788-09-21
279,430,1788-09-22
182,377,1788-09-26
386,1507,1788-10-01
279,249,1788-10-01
182,570,1788-10-08
378,399,1788-10-09
182,377,1788-10-12
279,249,1788-10-13
182,2,1788-10-17
279,249,1788-10-17
182,45,1788-10-20
71,720,1788-10-22
370,1528,1788-10-30
182,215,1788-11-02
182,1538,1788-11-02
182,304,1788-11-05
182,21,1788-11-05
343,384,1788-11-23
182,2,1788-12-08
279,430,1789-01-05
396,334,1789-01-10
279,249,1789-01-19
380,182,1789-01-27
380,128,1789-01-29
397,1481,1789-01-29
375,7,1789-01-31
122,1007,1789-02-01
380,128,1789-02-12
380,102,1789-02-15
380,7,1789-03-01
375,1458,1789-03-02
279,430,1789-03-02
279,249,1789-03-09
71,142,1789-03-11
71,1415,1789-03-11
71,16,1789-03-21
71,89,1789-04-07
71,63,1789-04-24
279,249,1789-04-27
71,323,1789-05-16
71,21,1789-05-19
71,21,1789-07-23
