sLabel,label,year,coordinates
Bedford,MA,1640,Point(-71.276666666 42.490555555)
Bourne,MA,1640,Point(-70.599444444 41.741111111)
Burlington,MA,1640,Point(-71.196111111 42.504722222)
Burlington,MA,1640,Point(-71.19561 42.50482)
Chicopee,MA,1640,Point(-72.608333333 42.148611111)
Greenwich,CT,1640,Point(-73.62846 41.02649)
Haverhill,MA,1640,Point(-71.083333333 42.783333333)
Lexington,MA,1640,Point(-71.225 42.444444444)
Malden,MA,1640,Point(-71.066666666 42.425)
New Bedford,MA,1640,Point(-70.934722222 41.636111111)
New Castle,DE,1640,Point(-75.565277777 39.664722222)
Norwalk,CT,1640,Point(-73.419722222 41.093888888)
Southampton,NY,1640,Point(-72.395277777 40.885277777)
Southold,NY,1640,Point(-72.426111111 41.064722222)
Westwood,MA,1640,Point(-71.225 42.213888888)
Westwood,MA,1640,Point(-71.2245 42.21399)
Winchester,MA,1640,Point(-71.1375 42.452222222)
Woburn,MA,1640,Point(-71.152777777 42.479166666)
Farmington,CT,1641,Point(-72.840277777 41.727777777)
Gosnold,MA,1641,Point(-70.756944444 41.481666666)
Newport,DE,1641,Point(-75.6081 39.7133)
Stamford,CT,1641,Point(-73.552222222 41.096666666)
Amesbury,MA,1642,Point(-70.930555555 42.858333333)
Edgartown,MA,1642,Point(-70.513888888 41.388888888)
Methuen,MA,1642,Point(-71.191388888 42.726111111)
Oak Bluffs,MA,1642,Point(-70.5625 41.454166666)
Simsbury,CT,1642,Point(-72.825277777 41.870555555)
Warwick,RI,1642,Point(-71.416666666 41.716666666)
West Boylston,MA,1642,Point(-71.786111111 42.366666666)
West Boylston,MA,1642,Point(-71.78563 42.36676)
Weston,MA,1642,Point(-71.303055555 42.366666666)
Hempstead,NY,1643,Point(-73.618611111 40.706111111)
Hempstead,NY,1643,Point(-73.6172 40.7047)
Lancaster,MA,1643,Point(-71.673611111 42.455555555)
Lancaster,MA,1643,Point(-71.67312 42.45565)
Upland,PA,1643,Point(-75.38269 39.85261)
Upland,PA,1643,Point(-75.3794 39.8567)
Wells,ME,1643,Point(-70.611666666 43.320277777)
Branford,CT,1644,Point(-72.799722222 41.277777777)
Eastham,MA,1644,Point(-69.974444444 41.83)
Longmeadow,MA,1644,Point(-72.583333333 42.05)
Longmeadow,MA,1644,Point(-72.58287 42.0501)
North Andover,MA,1644,Point(-71.135555555 42.698611111)
Boxford,MA,1645,Point(-70.997222222 42.661111111)
Lyme,CT,1645,Point(-72.35 41.4)
Stoneham,MA,1645,Point(-71.1 42.48)
Andover,MA,1646,Point(-71.137 42.65843)
New London,CT,1646,Point(-72.10104 41.354069)
Yonkers,NY,1646,Point(-73.864444444 40.941388888)
Cohasset,MA,1647,Point(-70.804166666 42.241666666)
Annapolis,MD,1649,Point(-76.491944444 38.978611111)
East Bridgewater,MA,1649,Point(-70.959722222 42.033333333)
Hanover,MA,1649,Point(-70.816666666 42.116666666)
Hanover,MA,1649,Point(-70.81199 42.11316)
Medfield,MA,1649,Point(-71.306944444 42.1875)
Medfield,MA,1649,Point(-71.30645 42.1876)
Stonington,CT,1649,Point(-71.9059 41.33593)
Stonington,CT,1649,Point(-71.906666666 41.365)
Bridgewater,MA,1650,Point(-70.975555555 41.990277777)
Dartmouth,MA,1650,Point(-70.969722222 41.614444444)
Framingham,MA,1650,Point(-71.416666666 42.279166666)
Lincoln,MA,1650,Point(-71.304444444 42.425833333)
Pembroke,MA,1650,Point(-70.809722222 42.071388888)
Sharon,MA,1650,Point(-71.178611111 42.123611111)
Carlisle,MA,1651,Point(-71.35 42.529166666)
Middletown,CT,1651,Point(-72.651111111 41.562222222)
Natick,MA,1651,Point(-71.35 42.283333333)
North Reading,MA,1651,Point(-71.079166666 42.575)
North Reading,MA,1651,Point(-71.07867 42.57509)
West Bridgewater,MA,1651,Point(-71.008333333 42.018888888)
West Bridgewater,MA,1651,Point(-71.00782 42.01899)
Billerica,MA,1652,Point(-71.269444444 42.558333333)
Port Royal,VA,1652,Point(-77.1908 38.1697)
Raynham,MA,1652,Point(-71.073611111 41.948611111)
Raynham,MA,1652,Point(-71.0731 41.94871)
Sherborn,MA,1652,Point(-71.370277777 42.238888888)
South Windsor,CT,1652,Point(-72.569722222 41.832222222)
Surry,VA,1652,Point(-76.8353 37.1358)
York,ME,1652,Point(-70.648611111 43.163333333)
Barrington,RI,1653,Point(-71.318055555 41.745277777)
Clinton,MA,1653,Point(-71.683333333 42.416666666)
Dracut,MA,1653,Point(-71.3 42.666666666)
Dracut,MA,1653,Point(-71.30201 42.67037)
Huntington,NY,1653,Point(-73.426111111 40.868055555)
Kennebunkport,ME,1653,Point(-70.476666666 43.361666666)
Leominster,MA,1653,Point(-71.760277777 42.525)
Lowell,MA,1653,Point(-71.314722222 42.639444444)
Old Orchard Beach,ME,1653,Point(-70.385277777 43.513611111)
Northampton,MA,1654,Point(-72.641666666 42.325)
Brookhaven,NY,1655,Point(-72.915277777 40.779166666)
Groton,MA,1655,Point(-71.575 42.611111111)
Lawrence,MA,1655,Point(-71.163611111 42.706944444)
Marcus Hook,PA,1655,Point(-75.41853 39.81928)
Marcus Hook,PA,1655,Point(-75.41556 39.81806)
Brewster,MA,1656,Point(-70.083333333 41.76)
Dunstable,MA,1656,Point(-71.483333333 42.675)
Dunstable,MA,1656,Point(-71.48284 42.67509)
Lee,NH,1657,Point(-71.011388888 43.123055555)
Marlborough,MA,1657,Point(-71.552777777 42.345833333)
Medway,MA,1657,Point(-71.397222222 42.141666666)
Medway,MA,1657,Point(-71.39673 42.14176)
Harvard,MA,1658,Point(-71.583333333 42.5)
Harvard,MA,1658,Point(-71.58284 42.50009)
Mansfield,MA,1658,Point(-71.219444444 42.033333333)
Mansfield,MA,1658,Point(-71.21894 42.03343)
Acushnet,MA,1659,Point(-70.908333333 41.680555555)
Fairhaven,MA,1659,Point(-70.904166666 41.6375)
Freetown,MA,1659,Point(-71.027222222 41.772777777)
Hadley,MA,1659,Point(-72.588888888 42.341666666)
Hadley,MA,1659,Point(-72.58842 42.34176)
Holliston,MA,1659,Point(-71.425 42.2)
Little Compton,RI,1659,Point(-71.166666666 41.5)
Middleton,MA,1659,Point(-71.016111111 42.595)
Norwich,CT,1659,Point(-72.0875 41.550277777)
South Hadley,MA,1659,Point(-72.575 42.258333333)
South Hadley,MA,1659,Point(-72.57453 42.25842)
Tiverton,RI,1659,Point(-71.21338 41.62594)
Tiverton,RI,1659,Point(-71.216666666 41.633333333)
Walpole,MA,1659,Point(-71.25 42.141666666)
Brookfield,MA,1660,Point(-72.102777777 42.213888888)
Brookfield,MA,1660,Point(-72.1023 42.21398)
Carver,MA,1660,Point(-70.763055555 41.883333333)
Chilmark,MA,1660,Point(-70.745277777 41.343055555)
Falmouth,MA,1660,Point(-70.615277777 41.551388888)
Franklin,MA,1660,Point(-71.4 42.083333333)
Hopedale,MA,1660,Point(-71.541666666 42.130555555)
Leonardtown,MD,1660,Point(-76.638055555 38.295277777)
Mashpee,MA,1660,Point(-70.481666666 41.648333333)
Mendon,MA,1660,Point(-71.552777777 42.105555555)
Mendon,MA,1660,Point(-71.55229 42.10565)
Middleborough,MA,1660,Point(-70.894166666 41.889444444)
Rye,NY,1660,Point(-73.6839 40.9811)
Southborough,MA,1660,Point(-71.525 42.305555555)
Southborough,MA,1660,Point(-71.52451 42.30565)
Stow,MA,1660,Point(-71.506111111 42.436944444)
Tisbury,MA,1660,Point(-70.611111111 41.456111111)
Wellesley,MA,1660,Point(-71.293055555 42.296388888)
West Springfield,MA,1660,Point(-72.620833333 42.106944444)
Westfield,MA,1660,Point(-72.749538 42.1250929)
Wrentham,MA,1660,Point(-71.328611111 42.066666666)
Wrentham,MA,1660,Point(-71.32811 42.06677)
Plainville,MA,1661,Point(-71.333333333 42.004166666)
Plainville,MA,1661,Point(-71.33283 42.00427)
Tyngsborough,MA,1661,Point(-71.424444444 42.676666666)
Blackstone,MA,1662,Point(-71.541666666 42.017777777)
Blackstone,MA,1662,Point(-71.54117 42.01788)
Manvel,TX,1662,Point(-95.35611 29.47917)
Milford,MA,1662,Point(-71.516666666 42.139722222)
Milford,MA,1662,Point(-71.51617 42.13982)
Millville,MA,1662,Point(-71.581388888 42.027777777)
Plympton,MA,1662,Point(-70.815 41.952777777)
Swansea,MA,1662,Point(-71.190277777 41.748055555)
Uxbridge,MA,1662,Point(-71.63 42.077222222)
Crisfield,MD,1663,Point(-75.852222222 37.984166666)
Wiscasset,ME,1663,Point(-69.665864 44.002808)
Bellport,NY,1664,Point(-72.9417 40.7569)
Eastchester,NY,1664,Point(-73.8086 40.9583)
Easthampton,MA,1664,Point(-72.669444444 42.266666666)
North Brookfield,MA,1664,Point(-72.083333333 42.266666666)
North Brookfield,MA,1664,Point(-72.08285 42.26676)
West Brookfield,MA,1664,Point(-72.141666666 42.235277777)
West Brookfield,MA,1664,Point(-72.14119 42.23537)
Berlin,MA,1665,Point(-71.6375 42.381111111)
Chatham,MA,1665,Point(-69.960277777 41.681944444)
Elizabeth,NJ,1665,Point(-74.209166666 40.662222222)
Hackensack,NJ,1665,Point(-74.048055555 40.887777777)
Valatie,NY,1665,Point(-73.6775 42.4139)
Wilmington,MA,1665,Point(-71.174166666 42.546388888)
Wilmington,MA,1665,Point(-71.1644 42.5647)
Charlotte Amalie,VI,1666,Point(-64.95 18.35)
Killingworth,CT,1667,Point(-72.576388888 41.380555555)
Oyster Bay,NY,1667,Point(-73.5028 40.7594)
Wallingford,CT,1667,Point(-72.82316 41.45704)
Abington,MA,1668,Point(-70.94532 42.10482)
Ayer,MA,1668,Point(-71.5903 42.5611)
Haddam,CT,1668,Point(-72.544166666 41.466111111)
Sault Ste. Marie,MI,1668,Point(-84.345555555 46.496944444)
Aquinnah,MA,1669,Point(-70.795833333 41.334444444)
Marbletown,NY,1669,Point(-74.155833333 41.853333333)
Norton,MA,1669,Point(-71.1875 41.966666666)
Norton,MA,1669,Point(-71.18699 41.96677)
West Tisbury,MA,1669,Point(-70.675 41.381111111)
Charleston,SC,1670,Point(-79.931944444 32.783333333)
Fall River,MA,1670,Point(-71.155555555 41.701388888)
Halifax,MA,1670,Point(-70.8625 41.991111111)
Shawangunk,NY,1670,Point(-74.233055555 41.616388888)
Westport,MA,1670,Point(-71.05 41.638888888)
Mackinac Island,MI,1671,Point(-84.61888885 45.84916687)
Pawtucket,RI,1671,Point(-71.376111111 41.875555555)
St. Ignace,MI,1671,Point(-84.725833333 45.865833333)
Manchester,CT,1672,Point(-72.524166666 41.775277777)
Northborough,MA,1672,Point(-71.63799 42.3205782)
Rochester,NY,1672,Point(-74.263333333 41.803611111)
Whately,MA,1672,Point(-72.633333333 42.433333333)
Whately,MA,1672,Point(-72.63481 42.43981)
Deerfield,MA,1673,Point(-72.606111111 42.544444444)
Hudson,NH,1673,Point(-71.439722222 42.764722222)
Merrimack,NH,1673,Point(-71.493611111 42.866388888)
Northfield,MA,1673,Point(-72.453333333 42.695833333)
Prairie du Chien,WI,1673,Point(-91.141241666 43.05165)
Rockland,MA,1673,Point(-70.916666666 42.130555555)
Woodbury,CT,1673,Point(-73.209444444 41.561944444)
Worcester,MA,1673,Point(-71.798888888 42.271388888)
Suffield,CT,1674,Point(-72.691111111 41.983333333)
Derby,CT,1675,Point(-73.082222222 41.326666666)
Salem,NJ,1675,Point(-75.4725 39.5682)
Westborough,MA,1675,Point(-71.616666666 42.269444444)
Ashby,MA,1676,Point(-71.820833333 42.677777777)
Ashby,MA,1676,Point(-71.82035 42.67787)
Townsend,MA,1676,Point(-71.7056 42.6667)
Townsend,MA,1676,Point(-71.70507 42.66676)
East Greenwich,RI,1677,Point(-71.483333333 41.65)
New Paltz,NY,1678,Point(-74.085 41.7481)
Norwood,MA,1678,Point(-71.2 42.194444444)
Norwood,MA,1678,Point(-71.1995 42.19454)
Wareham,MA,1678,Point(-70.722222222 41.7625)
Duluth,MN,1679,Point(-92.098055555 46.786944444)
Enfield,CT,1679,Point(-72.59176 41.97621)
Enfield,CT,1679,Point(-72.549722222 41.98)
Marion,MA,1679,Point(-70.763333333 41.7)
Passaic,NJ,1679,Point(-74.128888888 40.8575)
Bedford,NY,1680,Point(-73.665 41.225833333)
Boxborough,MA,1680,Point(-71.516666666 42.483333333)
Bristol,RI,1680,Point(-71.268611111 41.684166666)
East Windsor,CT,1680,Point(-72.557777777 41.916666666)
El Paso,TX,1680,Point(-106.488611111 31.759166666)
Milford,DE,1680,Point(-75.429166666 38.9125)
Needham,MA,1680,Point(-71.233333333 42.283333333)
Orangetown,NY,1680,Point(-73.961666666 41.058611111)
Peoria,IL,1680,Point(-89.58899 40.69365)
Rosendale Village,NY,1680,Point(-74.076111111 41.848055555)
Socorro,TX,1680,Point(-106.275 31.6414)
Warren,RI,1680,Point(-71.2825 41.730277777)
Bound Brook,NJ,1681,Point(-74.538333333 40.568333333)
Bristol,PA,1681,Point(-74.85183 40.10067)
Bristol,PA,1681,Point(-74.8514 40.1033)
Media,PA,1681,Point(-75.389166666 39.918888888)
Oaklyn,NJ,1681,Point(-75.08028 39.90194)
Slaughter Beach,DE,1681,Point(-75.3081 38.9175)
Bolton,MA,1682,Point(-71.608333333 42.433333333)
Bolton,MA,1682,Point(-71.60784 42.43343)
Brookhaven,PA,1682,Point(-75.3908 39.8706)
Chester,PA,1682,Point(-75.372777777 39.847222222)
Greenport,NY,1682,Point(-72.363888888 41.103055555)
Kennett Square,PA,1682,Point(-75.7106 39.8442)
Kennett Square,PA,1682,Point(-75.7116 39.84678)
Narberth,PA,1682,Point(-75.2622 40.0075)
Narberth,PA,1682,Point(-75.26046 40.00845)
Norristown,PA,1682,Point(-75.3417 40.12)
Philadelphia,PA,1682,Point(-75.163611111 39.952777777)
Pompton Lakes,NJ,1682,Point(-74.29 41.005)
Tappahannock,VA,1682,Point(-76.8631 37.9222)
Yardley,PA,1682,Point(-74.8364 40.2414)
Chalfont,PA,1683,Point(-75.2103 40.2897)
Dover,DE,1683,Point(-75.525709 39.161662)
Islip,NY,1683,Point(-73.21039 40.72982)
Islip,NY,1683,Point(-73.198888888 40.756666666)
Oxford,MD,1683,Point(-76.170833333 38.686666666)
Perth Amboy,NJ,1683,Point(-74.275277777 40.519444444)
Queens,NY,1683,Point(-73.917777777 40.704166666)
Staten Island,NY,1683,Point(-74.144838888 40.576280555)
White Plains,NY,1683,Point(-73.778611111 41.04)
Woodbury,NJ,1683,Point(-75.153055555 39.838055555)
Collegeville,PA,1684,Point(-75.4583 40.1856)
Collegeville,PA,1684,Point(-75.45157 40.18566)
Newtown,PA,1684,Point(-74.9322 40.2283)
Presidio,TX,1684,Point(-104.366388888 29.561388888)
Cornwall,NY,1685,Point(-74.0358 41.4344)
Ridgefield Park,NJ,1685,Point(-74.020277777 40.854722222)
Rosendale,NY,1685,Point(-74.082222222 41.843888888)
Wawarsing,NY,1685,Point(-74.3575 41.758888888)
Wyomissing,PA,1685,Point(-75.9647 40.3328)
Albany,NY,1686,Point(-73.766666666 42.65)
Greenfield,MA,1686,Point(-72.6 42.5875)
Littleton,MA,1686,Point(-71.5125 42.5375)
Poughkeepsie,NY,1686,Point(-73.930555555 41.705277777)
Rhinebeck,NY,1686,Point(-73.908611111 41.9275)
Rutland,MA,1686,Point(-71.948611111 42.369444444)
Rutland,MA,1686,Point(-71.94813 42.36954)
Waterbury,CT,1686,Point(-73.036944444 41.558333333)
Woodstock,CT,1686,Point(-72.016666666 41.966666666)
Oxford,MA,1687,Point(-71.86479 42.11676)
Preston,CT,1687,Point(-71.97396 41.52899)
New Rochelle,NY,1688,Point(-73.781944444 40.908611111)
Newton,MA,1688,Point(-71.209722222 42.336944444)
Port Jervis,NY,1690,Point(-74.688888888 41.375555555)
Burlington,NJ,1693,Point(-74.8525 40.0784)
New Castle,NH,1693,Point(-70.716111111 43.072222222)
Orleans,MA,1693,Point(-69.990277777 41.789722222)
Somers Point,NJ,1693,Point(-74.60637 39.317225)
Windham,CT,1693,Point(-72.15702 41.69982)
Cheshire,CT,1694,Point(-72.90066 41.49899)
Easton,MA,1694,Point(-71.129166666 42.024444444)
Easton,MA,1694,Point(-71.12866 42.02454)
Kingston,NH,1694,Point(-71.053333333 42.936388888)
Newark,DE,1694,Point(-75.75 39.683333333)
Norfolk,MA,1695,Point(-71.325555555 42.119444444)
Norfolk,MA,1695,Point(-71.32506 42.11954)
Pleasantville,NY,1695,Point(-73.7875 41.1364)
Upper Marlboro,MD,1695,Point(-76.753333333 38.816388888)
Harrison,NY,1696,Point(-73.718055555 41.006944444)
Marlborough,NY,1697,Point(-73.984166666 41.631944444)
Colchester,CT,1698,Point(-72.351944444 41.558611111)
Colchester,CT,1698,Point(-72.33203 41.57565)
Colwyn,PA,1698,Point(-75.25379 39.91234)
Colwyn,PA,1698,Point(-75.2533 39.9131)
Darby,PA,1698,Point(-75.2583 39.9183)
Baton Rouge,LA,1699,Point(-91.178611111 30.4475)
Cahokia,IL,1699,Point(-90.1728 38.5619)
Durham,CT,1699,Point(-72.68121 41.48176)
Haddon Heights,NJ,1699,Point(-75.0659 39.8791)
Hudson,MA,1699,Point(-71.5667 42.3917)
Hudson,MA,1699,Point(-71.56618 42.39176)
Madbury,NH,1699,Point(-70.924444444 43.169166666)
Ocean Springs,MS,1699,Point(-88.79722 30.40972)
Plainfield,CT,1699,Point(-71.922 41.6775)
Racine,WI,1699,Point(-87.805833333 42.726111111)
Avon,MA,1700,Point(-71.041666666 42.130555555)
Brockton,MA,1700,Point(-71.018888888 42.083333333)
Guilderland,NY,1700,Point(-73.925277777 42.701388888)
Lebanon,CT,1700,Point(-72.24 41.6325)
Lyons,PA,1700,Point(-75.75769 40.48204)
Lyons,PA,1700,Point(-75.7569 40.4803)
Princeton,NJ,1700,Point(-74.656944444 40.352222222)
Provincetown,MA,1700,Point(-70.179166666 42.058333333)
Quakertown,PA,1700,Point(-75.3406 40.4406)
Rockville,MD,1700,Point(-77.15276 39.084)
Somersworth,NH,1700,Point(-70.864166666 43.2625)
Truro,MA,1700,Point(-70.050277777 41.993333333)
Detroit,MI,1701,Point(-83.0475 42.331666666)
Naugatuck,CT,1701,Point(-73.051388888 41.489722222)
Scarsdale,NY,1701,Point(-73.786944444 40.992222222)
Scarsdale,NY,1701,Point(-73.78458 41.0051)
Danbury,CT,1702,Point(-73.471111111 41.402222222)
Dauphin Island,AL,1702,Point(-88.125278 30.256389)
Mobile,AL,1702,Point(-88.052672222 30.727669444)
Amherst,MA,1703,Point(-72.516667 42.366667)
Canterbury,CT,1703,Point(-72.0 41.7)
Foxborough,MA,1704,Point(-71.248333333 42.065277777)
Hebron,CT,1704,Point(-72.391388888 41.652777777)
Hebron,CT,1704,Point(-72.36592 41.65788)
Northbridge,MA,1704,Point(-71.65 42.151388888)
Northbridge,MA,1704,Point(-71.64951 42.15148)
Sutton,MA,1704,Point(-71.763333333 42.15)
Sutton,MA,1704,Point(-71.76285 42.1501)
Bath,NC,1705,Point(-76.808888888 35.474444444)
Boylston,MA,1705,Point(-71.704166666 42.391666666)
Boylston,MA,1705,Point(-71.70368 42.39176)
Groton,CT,1705,Point(-72.0761998 41.3501598)
Albuquerque,NM,1706,Point(-106.616666666 35.116666666)
Brimfield,MA,1706,Point(-72.201388888 42.122777777)
Brimfield,MA,1706,Point(-72.20091 42.12287)
Chestertown,MD,1706,Point(-76.068333333 39.219444444)
Vienna,MD,1706,Point(-75.8269 38.4853)
New Hope,PA,1707,Point(-74.9572 40.3603)
New Milford,CT,1707,Point(-73.40845 41.57704)
New Milford,CT,1707,Point(-73.4 41.583333333)
Rock Hall,MD,1707,Point(-76.2419 39.1367)
Killingly,CT,1708,Point(-71.850277777 41.831388888)
Beaufort,NC,1709,Point(-76.66382 34.71822)
Hampton Falls,NH,1709,Point(-70.863611111 42.916111111)
New Braintree,MA,1709,Point(-72.126388888 42.316666666)
New Braintree,MA,1709,Point(-72.12591 42.31676)
Newburgh,NY,1709,Point(-74.019444444 41.519722222)
Ridgefield,CT,1709,Point(-73.501388888 41.305277777)
Amsterdam,NY,1710,Point(-74.1903 42.9433)
Chatham Borough,NJ,1710,Point(-74.3845 40.7407)
Holbrook,MA,1710,Point(-71.0103 42.1483)
Holbrook,MA,1710,Point(-71.00866 42.1551)
Lititz,PA,1710,Point(-76.3033 40.1547)
New Bern,NC,1710,Point(-77.044444444 35.108333333)
Randolph,MA,1710,Point(-71.041666666 42.1625)
St. Clair Shores,MI,1710,Point(-82.900277777 42.495555555)
Summit,NJ,1710,Point(-74.3647 40.7156)
Beaufort,SC,1711,Point(-80.689444444 32.431944444)
Newtown,CT,1711,Point(-73.308888888 41.413333333)
Coventry,CT,1712,Point(-72.338888888 41.784444444)
Edenton,NC,1712,Point(-76.608333333 36.060833333)
Spanish Fort,AL,1712,Point(-87.922179 30.668723)
Bellingham,MA,1713,Point(-71.475 42.0867)
Berwick,ME,1713,Point(-70.861666666 43.267222222)
Leicester,MA,1713,Point(-71.909166666 42.245833333)
Leverett,MA,1713,Point(-72.501944444 42.451944444)
Pomfret,CT,1713,Point(-71.983333333 41.866666666)
Stoughton,MA,1713,Point(-71.102777777 42.125)
Sunderland,MA,1713,Point(-72.579166666 42.466666666)
Webster,MA,1713,Point(-71.880555555 42.05)
Webster,MA,1713,Point(-71.88007 42.0501)
Arapahoe,NC,1714,Point(-76.82861 35.02583)
Ashford,CT,1714,Point(-72.166666666 41.883333333)
Auburn,MA,1714,Point(-71.833333333 42.2)
Dudley,MA,1714,Point(-71.930555555 42.045)
Dudley,MA,1714,Point(-71.93007 42.0451)
Natchitoches,LA,1714,Point(-93.095 31.7431)
Brunswick,NY,1715,Point(-73.589722222 42.749166666)
Hatboro,PA,1715,Point(-75.10684 40.17428)
Hatboro,PA,1715,Point(-75.1044 40.1775)
Hopkinton,MA,1715,Point(-71.523055555 42.228611111)
Hopkinton,MA,1715,Point(-71.52256 42.22871)
Montague,MA,1715,Point(-72.53555556 42.53555556)
Morristown,NJ,1715,Point(-74.4773 40.7966)
New Britain,PA,1715,Point(-75.18101 40.299)
New Britain,PA,1715,Point(-75.1783 40.2992)
Tolland,CT,1715,Point(-72.369461111 41.872180555)
Millbury,MA,1716,Point(-71.760555555 42.193888888)
Natchez,MS,1716,Point(-91.403166666 31.560416666)
Stratham,NH,1716,Point(-70.913611111 43.023888888)
Lakeville,MA,1717,Point(-70.95 41.845833333)
Palmyra,PA,1717,Point(-76.5939 40.3081)
Palmyra,PA,1717,Point(-76.5933 40.30898)
Ware,MA,1717,Point(-72.240277777 42.259722222)
Falmouth,ME,1718,Point(-70.241944444 43.729444444)
Grafton,MA,1718,Point(-71.686111111 42.206944444)
Grafton,MA,1718,Point(-71.68562 42.20704)
Lunenburg,MA,1718,Point(-71.725 42.594444444)
Lunenburg,MA,1718,Point(-71.72452 42.59453)
New Orleans,LA,1718,Point(-90.07507 29.95465)
Pascagoula,MS,1718,Point(-88.558611111 30.364694444)
San Antonio,TX,1718,Point(-98.493888888 29.425)
Schoharie,NY,1718,Point(-74.312222222 42.678888888)
Harrisburg,PA,1719,Point(-76.883381676 40.264554871)
Litchfield,CT,1719,Point(-73.189722222 41.747222222)
Stafford,CT,1719,Point(-72.316666666 41.983333333)
Stafford,CT,1719,Point(-72.28897 41.98482)
Telford,PA,1719,Point(-75.32795 40.32205)
Telford,PA,1719,Point(-75.3281 40.3247)
Trenton,NJ,1719,Point(-74.756111111 40.221666666)
Barre,MA,1720,Point(-72.105555555 42.422777777)
Barre,MA,1720,Point(-72.10508 42.42287)
Biloxi,MS,1720,Point(-88.885333333 30.396)
Bolton,CT,1720,Point(-72.4375 41.764166666)
East Longmeadow,MA,1720,Point(-72.513055555 42.064444444)
Lebanon,PA,1720,Point(-76.4208 40.3417)
Millville,NJ,1720,Point(-75.0375 39.39056)
Opelousas,LA,1720,Point(-92.0815 30.533527777)
Pepperell,MA,1720,Point(-71.5889 42.6658)
Shirley,MA,1720,Point(-71.6464 42.5586)
Sterling,MA,1720,Point(-71.761111111 42.4375)
Sterling,MA,1720,Point(-71.76063 42.43759)
Douglas,MA,1721,Point(-71.74 42.054166666)
Douglas,MA,1721,Point(-71.73951 42.05426)
Greenland,NH,1721,Point(-70.832777777 43.036111111)
Spencer,MA,1721,Point(-71.992777777 42.243888888)
Spencer,MA,1721,Point(-71.9923 42.24398)
Voluntown,CT,1721,Point(-71.833333333 41.583333333)
Chester,NH,1722,Point(-71.257222222 42.956666666)
Egremont,MA,1722,Point(-73.414444444 42.184722222)
Londonderry,NH,1722,Point(-71.373888888 42.865)
Manchester,NH,1722,Point(-71.463611111 42.990833333)
Millbourne,PA,1722,Point(-75.253888888 39.963333333)
Nottingham,NH,1722,Point(-71.099722222 43.114444444)
Paxtang,PA,1722,Point(-76.83192 40.25898)
Paxtang,PA,1722,Point(-76.8339 40.2608)
Prairie du Rocher,IL,1722,Point(-90.0958 38.0831)
Shrewsbury,MA,1722,Point(-71.71285 42.29593)
South Kingstown,RI,1722,Point(-71.527222222 41.4475)
Worcester,MA,1722,Point(-71.798888888 42.271388888)
Atglen,PA,1723,Point(-75.9739 39.9481)
Atglen,PA,1723,Point(-75.97356 39.94927)
Avalon,NJ,1723,Point(-74.7358 39.0905)
Holden,MA,1723,Point(-71.863888888 42.351666666)
Holden,MA,1723,Point(-71.86341 42.35176)
Little Falls,NY,1723,Point(-74.8575 43.0428)
Palatine Bridge,NY,1723,Point(-74.5747 42.9108)
Folcroft,PA,1725,Point(-75.2808 39.8933)
Gaylordsville,CT,1725,Point(-73.4847 41.6465)
Romney,WV,1725,Point(-78.756944444 39.345)
Sheffield,MA,1725,Point(-73.355555555 42.110277777)
Bow,NH,1727,Point(-71.549166666 43.131944444)
Chichester,NH,1727,Point(-71.399722222 43.249166666)
Epsom,NH,1727,Point(-71.3325 43.2225)
Gilmanton,NH,1727,Point(-71.413611111 43.423888888)
Newmarket,NH,1727,Point(-70.935 43.082777777)
Palmer,MA,1727,Point(-72.329166666 42.158333333)
Bluffton,SC,1728,Point(-80.8603868 32.2371465)
Clermont,NY,1728,Point(-73.826944444 42.085)
New Holland,PA,1728,Point(-76.0878 40.1022)
New Holland,PA,1728,Point(-76.08523 40.10176)
Georgetown,SC,1729,Point(-79.293888888 33.3675)
Sturbridge,MA,1729,Point(-72.079166666 42.108333333)
Sturbridge,MA,1729,Point(-72.07869 42.10843)
Burrillville,RI,1730,Point(-71.683055555 41.968333333)
Coopersburg,PA,1730,Point(-75.39 40.5103)
Coopersburg,PA,1730,Point(-75.39046 40.51149)
Fitchburg,MA,1730,Point(-71.802777777 42.583333333)
Green Lane,PA,1730,Point(-75.4692 40.3372)
Hanover,PA,1730,Point(-76.9847 39.8072)
Lancaster,PA,1730,Point(-76.304444444 40.039722222)
New Brunswick,NJ,1730,Point(-74.444444444 40.486666666)
Shippensburg,PA,1730,Point(-77.5239 40.0494)
Southbridge,MA,1730,Point(-72.0339 42.075)
Wilbraham,MA,1730,Point(-72.431944444 42.123611111)
Wilbraham,MA,1730,Point(-72.43147 42.12371)
Belchertown,MA,1731,Point(-72.401388888 42.276944444)
Belchertown,MA,1731,Point(-72.40092 42.27704)
Glocester,RI,1731,Point(-71.690556 41.890833)
New Canaan,CT,1731,Point(-73.4949 41.1468)
North Catasauqua,PA,1731,Point(-75.47685 40.65982)
North Catasauqua,PA,1731,Point(-75.476111111 40.661944444)
Scituate,RI,1731,Point(-71.616666666 41.783333333)
Washingtonville,NY,1731,Point(-74.1667 41.4333)
Guilford,VT,1732,Point(-72.6237402 42.7788643)
Harrisburg,NC,1732,Point(-80.6533 35.3222)
Phoenixville,PA,1732,Point(-75.519166666 40.130833333)
Phoenixville,PA,1732,Point(-75.51491 40.13038)
Salisbury,MD,1732,Point(-75.6 38.361111111)
Vincennes,IN,1732,Point(-87.516111111 38.678333333)
Concord,NH,1733,Point(-71.538055555 43.206666666)
Princess Anne,MD,1733,Point(-75.695 38.209722222)
Savannah,GA,1733,Point(-81.103888888 32.050833333)
Strasburg,PA,1733,Point(-76.1875 39.980833)
Strasburg,PA,1733,Point(-76.18412 39.98316)
Chambersburg,PA,1734,Point(-77.65611 39.93472)
Christiansted,VI,1734,Point(-64.75 17.75)
East Haddam,CT,1734,Point(-72.4 41.483333333)
Litchfield,NH,1734,Point(-71.479722222 42.844166666)
Richmond Hill,GA,1734,Point(-81.3136 31.9381)
Shepherdstown,WV,1734,Point(-77.8061 39.4319)
Stockbridge,MA,1734,Point(-73.320833333 42.2875)
Union,CT,1734,Point(-72.161388888 41.988055555)
Utica,NY,1734,Point(-75.2325 43.100833333)
Athol,MA,1735,Point(-72.227222222 42.595833333)
Blandford,MA,1735,Point(-72.927777777 42.180555555)
Charlton,MA,1735,Point(-71.97007 42.13565)
Charlton,MA,1735,Point(-71.969016666 42.134063888)
Colrain,MA,1735,Point(-72.697222222 42.673055555)
Colrain,MA,1735,Point(-72.69676 42.67314)
Equality,IL,1735,Point(-88.3444 37.7364)
Hopkinton,NH,1735,Point(-71.675277777 43.191388888)
Kenansville,NC,1735,Point(-77.965555555 34.962222222)
Otis,MA,1735,Point(-73.092222222 42.193055555)
Shutesbury,MA,1735,Point(-72.410277777 42.456388888)
Shutesbury,MA,1735,Point(-72.40981 42.45648)
Ste. Genevieve,MO,1735,Point(-90.0486 37.9769)
Tyringham,MA,1735,Point(-73.204166666 42.245833333)
Williamsburg,MA,1735,Point(-72.730555555 42.393055555)
Williamsburg,MA,1735,Point(-72.73009 42.39314)
Ashburnham,MA,1736,Point(-71.908333333 42.636111111)
Augusta,GA,1736,Point(-81.975 33.47)
Darien,GA,1736,Point(-81.4308 31.3711)
Gorham,ME,1736,Point(-70.444166666 43.679444444)
Keene,NH,1736,Point(-72.278055555 42.933611111)
Lake City,SC,1736,Point(-79.756111111 33.867777777)
Walden,NY,1736,Point(-74.1897 41.56)
Warren,ME,1736,Point(-69.24 44.120277777)
Cornwall,PA,1737,Point(-76.4106 40.2731)
Cornwall,PA,1737,Point(-76.40607 40.2737)
Hardwick,MA,1737,Point(-72.2 42.35)
Hardwick,MA,1737,Point(-72.19952 42.35009)
Harwinton,CT,1737,Point(-73.056944444 41.754444444)
Kensington,NH,1737,Point(-70.943888888 42.926944444)
New Salem,MA,1737,Point(-72.3325 42.504166666)
New Salem,MA,1737,Point(-72.33203 42.50426)
Slatington,PA,1737,Point(-75.61185 40.74843)
Slatington,PA,1737,Point(-75.6092 40.7525)
Wellsville,PA,1737,Point(-76.940556 40.051111)
Westminster,MA,1737,Point(-71.911111111 42.545833333)
Westminster,MA,1737,Point(-71.91063 42.54592)
Bernardston,MA,1738,Point(-72.55 42.670833333)
Bernardston,MA,1738,Point(-72.54953 42.67092)
East Kingston,NH,1738,Point(-71.016666666 42.925555555)
East Stroudsburg,PA,1738,Point(-75.18 41.0014)
New Hartford,CT,1738,Point(-73.004166666 41.841388888)
New Marlborough,MA,1738,Point(-73.229166666 42.122777777)
Oxford,CT,1738,Point(-73.134722222 41.43)
Oxford,CT,1738,Point(-73.11678 41.43399)
Pelham,MA,1738,Point(-72.404166666 42.393055555)
Pelham,MA,1738,Point(-72.4037 42.39315)
Sellersville,PA,1738,Point(-75.31 40.358611111)
Canaan,CT,1739,Point(-73.3083 41.9617)
Cherry Valley,NY,1739,Point(-74.737222222 42.808888888)
Goshen,CT,1739,Point(-73.235833333 41.851388888)
Kent,CT,1739,Point(-73.47707 41.72482)
Kent,CT,1739,Point(-73.4525 41.73166667)
"Modena, Pennsylvania",PA,1739,Point(-75.80194 39.96222)
Monterey,MA,1739,Point(-73.2125 42.179166666)
Sanford,ME,1739,Point(-70.773055555 43.439722222)
Schwenksville,PA,1739,Point(-75.465 40.2564)
Sharon,CT,1739,Point(-73.45 41.866666666)
Sharon,CT,1739,Point(-73.47679 41.87926)
Warwick,MA,1739,Point(-72.339444444 42.681944444)
Wilmington,NC,1739,Point(-77.912222222 34.223333333)
Alford,MA,1740,Point(-73.413888888 42.235555555)
Becket,MA,1740,Point(-73.083333333 42.331944444)
Belen,NM,1740,Point(-106.776111111 34.665555555)
Birdsboro,PA,1740,Point(-75.807777777 40.263055555)
Clinton,NC,1740,Point(-78.3289 35.0025)
Cornwall,CT,1740,Point(-73.331388888 41.845277777)
Dillsburg,PA,1740,Point(-77.035833333 40.111388888)
Enfield,NC,1740,Point(-77.6689 36.1797)
Nazareth,PA,1740,Point(-75.311111111 40.74)
Nazareth,PA,1740,Point(-75.30962 40.74038)
New Fairfield,CT,1740,Point(-73.483333333 41.483333333)
Olive,NY,1740,Point(-74.251944444 41.951666666)
"Seven Valleys, Pennsylvania",PA,1740,Point(-76.7669 39.8561)
Torrington,CT,1740,Point(-73.116666666 41.8)
Wind Gap,PA,1740,Point(-75.291666666 40.846388888)
Wind Gap,PA,1740,Point(-75.29157 40.84815)
Epping,NH,1741,Point(-71.074166666 43.033333333)
Hampden,MA,1741,Point(-72.413888888 42.063888888)
Salisbury,CT,1741,Point(-73.422222222 41.985)
York,PA,1741,Point(-76.7281 39.9628)
Bladensburg,MD,1742,Point(-76.933888888 38.939166666)
Braddock,PA,1742,Point(-79.8686 40.4036)
Braddock,PA,1742,Point(-79.86838 40.4034)
Brentwood,NH,1742,Point(-71.072777777 42.978611111)
Charlemont,MA,1742,Point(-72.870277777 42.627777777)
Charlestown,MD,1742,Point(-75.9778 39.5767)
Hellertown,PA,1742,Point(-75.34073 40.57954)
Hellertown,PA,1742,Point(-75.338055555 40.584166666)
North Hampton,NH,1742,Point(-70.829722222 42.9725)
Windham,NH,1742,Point(-71.304166666 42.800555555)
Ashfield,MA,1743,Point(-72.788888888 42.526388888)
Middletown,RI,1743,Point(-71.29144 41.54566)
Princeton,MA,1743,Point(-71.877777777 42.448611111)
Princeton,MA,1743,Point(-71.8773 42.4487)
Delta,PA,1744,Point(-76.3256 39.7272)
Doylestown,PA,1745,Point(-75.1289 40.3128)
Frederick,MD,1745,Point(-77.420403 39.426294)
Haw River,NC,1745,Point(-79.3578 36.0953)
North Adams,MA,1745,Point(-73.109166666 42.700833333)
Shamokin Dam,PA,1745,Point(-76.821111111 40.848888888)
Shamokin Dam,PA,1745,Point(-76.81969 40.8487)
Hollis,NH,1746,Point(-71.591666666 42.743055555)
Lehighton,PA,1746,Point(-75.7147 40.8319)
Lehighton,PA,1746,Point(-75.7138 40.8337)
Nashua,NH,1746,Point(-71.464444444 42.7575)
Orange,MA,1746,Point(-72.310277777 42.590277777)
Orange,MA,1746,Point(-72.30981 42.59036)
Pelham,NH,1746,Point(-71.3244 42.7344)
Spring Grove,PA,1747,Point(-76.8656 39.8769)
Staunton,VA,1747,Point(-79.0764 38.1581)
Reading,PA,1748,Point(-75.926111111 40.341666666)
Bennington,VT,1749,Point(-73.2131916 42.8852043)
Dumfries,VA,1749,Point(-77.3247 38.5678)
Goliad,TX,1749,Point(-97.391944444 28.668888888)
Hampstead,NH,1749,Point(-71.181111111 42.874444444)
Middleton,NH,1749,Point(-71.071388888 43.478055555)
Newton,NH,1749,Point(-71.034444444 42.869444444)
Oakham,MA,1749,Point(-72.045833333 42.352777777)
Oakham,MA,1749,Point(-72.04535 42.35287)
Paxton,MA,1749,Point(-71.928611111 42.311111111)
Plaistow,NH,1749,Point(-71.094722222 42.836388888)
Rochester,NH,1749,Point(-70.973055555 43.301944444)
Waynesboro,PA,1749,Point(-77.581944444 39.753611111)
Williamstown,MA,1749,Point(-73.204166666 42.711944444)
Ashland,MA,1750,Point(-71.463888888 42.261111111)
Bedford,NH,1750,Point(-71.515833333 42.946388888)
Camp Hill,PA,1750,Point(-76.9261 40.2411)
Cary,NC,1750,Point(-78.800277777 35.778888888)
Dupo,IL,1750,Point(-90.2081 38.5158)
Kinderhook,NY,1750,Point(-73.6978983 42.3953617)
Lenox,MA,1750,Point(-73.285277777 42.356388888)
Mattapoisett,MA,1750,Point(-70.816666666 41.658333333)
Pottstown,PA,1750,Point(-75.6403 40.2497)
Salem,NH,1750,Point(-71.200833333 42.788333333)
Sandisfield,MA,1750,Point(-73.143611111 42.1125)
Schuylkill Haven,PA,1750,Point(-76.1725 40.628055555)
Standish,ME,1750,Point(-70.551944444 43.735833333)
Tolland,MA,1750,Point(-73.0125 42.081111111)
Bedford,PA,1751,Point(-78.5042 40.0164)
Carlisle,PA,1751,Point(-77.195 40.2025)
Georgetown,DC,1751,Point(-77.0625 38.904722222)
Harpers Ferry,WV,1751,Point(-77.743599 39.325398)
Templeton,MA,1751,Point(-72.068055555 42.555555555)
Thurmont,MD,1751,Point(-77.4103 39.625)
Wilmington,VT,1751,Point(-72.87149 42.86841)
Chesterfield,NH,1752,Point(-72.470277777 42.887222222)
Easton,PA,1752,Point(-75.216388888 40.688333333)
Midway,GA,1752,Point(-81.412298 31.799873)
Pittsfield,MA,1752,Point(-73.25 42.45)
Richmond,NH,1752,Point(-72.271666666 42.754722222)
Rockingham,VT,1752,Point(-72.5015124 43.1815447)
Smithfield,VA,1752,Point(-76.6186 36.9789)
Westmoreland,NH,1752,Point(-72.442222222 42.961944444)
Winchester,VA,1752,Point(-78.1667 39.1783)
Abbottstown,PA,1753,Point(-76.9861 39.8856)
Abbottstown,PA,1753,Point(-76.9847 39.88649)
Braddock Hills,PA,1753,Point(-79.86505 40.41729)
Braddock Hills,PA,1753,Point(-79.8658 40.42)
Brattleboro,VT,1753,Point(-72.614444444 42.861944444)
Elizabethtown,PA,1753,Point(-76.6006 40.1533)
Hinsdale,NH,1753,Point(-72.486388888 42.786111111)
Lanesborough,MA,1753,Point(-73.228611111 42.517222222)
Newcastle,ME,1753,Point(-69.536666666 44.035)
Southampton,MA,1753,Point(-72.730555555 42.229166666)
Southampton,MA,1753,Point(-72.73009 42.22926)
Stamford,VT,1753,Point(-73.078461 42.7879822)
Statesville,NC,1753,Point(-80.878611111 35.786666666)
Swanzey,NH,1753,Point(-72.281666666 42.869722222)
Winchester,NH,1753,Point(-72.383055555 42.773333333)
Woodford,VT,1753,Point(-73.0800795 42.8828176)
Chester,VT,1754,Point(-72.615 43.288055555)
Cranston,RI,1754,Point(-71.441666666 41.783333333)
Hillsborough,NC,1754,Point(-79.104166666 36.070555555)
St. Stephen,SC,1754,Point(-79.923333333 33.405)
Vienna,VA,1754,Point(-77.2667 38.9)
Bonneauville,PA,1755,Point(-77.1367 39.8114)
Bonneauville,PA,1755,Point(-77.13721 39.81204)
Dalton,MA,1755,Point(-73.166666666 42.473611111)
Laredo,TX,1755,Point(-99.507222222 27.506111111)
Marysville,PA,1755,Point(-76.93139 40.34222)
Marysville,PA,1755,Point(-76.92997 40.34259)
Middletown,PA,1755,Point(-76.7294 40.1986)
Thompsontown,PA,1755,Point(-77.23721 40.56453)
Thompsontown,PA,1755,Point(-77.2347 40.5647)
Kernersville,NC,1756,Point(-80.081944444 36.116111111)
Sandown,NH,1756,Point(-71.1875 42.928333333)
Shelburne,MA,1756,Point(-72.688888888 42.589722222)
Walpole,NH,1756,Point(-72.425833333 43.079444444)
Fort Ann,NY,1757,Point(-73.5386 43.4644)
Halifax,NC,1757,Point(-77.5908 36.3283)
Jacksonville,NC,1757,Point(-77.409722222 34.759722222)
Metropolis,IL,1757,Point(-88.72528 37.15306)
Hertford,NC,1758,Point(-76.472222222 36.187222222)
Johnstown,NY,1758,Point(-74.3722 43.0072)
Leesburg,VA,1758,Point(-77.5636 39.11566)
Norfolk,CT,1758,Point(-73.196388888 41.983611111)
Norfolk,CT,1758,Point(-73.20206 41.99398)
North Belle Vernon,PA,1758,Point(-79.8681 40.12924)
North Belle Vernon,PA,1758,Point(-79.8633 40.1314)
Pittsburgh,PA,1758,Point(-80.0 40.441666666)
Stephens City,VA,1758,Point(-78.21944 39.08583)
Westernport,MD,1758,Point(-79.0433 39.4867)
Bethania,NC,1759,Point(-80.33811 36.18236)
Culpeper,VA,1759,Point(-77.999166666 38.471944444)
Emmaus,PA,1759,Point(-75.4958 40.5369)
Pembroke,NH,1759,Point(-71.4575 43.146666666)
Amherst,NH,1760,Point(-71.625277777 42.861388888)
Boscawen,NH,1760,Point(-71.620833333 43.315)
Chester,MA,1760,Point(-72.979166666 42.279166666)
Chester,MA,1760,Point(-72.97871 42.27926)
Chesterfield,MA,1760,Point(-72.840277777 42.391666666)
Danville,NH,1760,Point(-71.124444444 42.9125)
Eaton,NH,1760,Point(-71.082222222 43.909444444)
Florida,NY,1760,Point(-74.3667 41.3333)
Hartsville,SC,1760,Point(-80.0808 34.3694)
Lee,MA,1760,Point(-73.248611111 42.304166666)
Ligonier,PA,1760,Point(-79.2369 40.2444)
Peterborough,NH,1760,Point(-71.951666666 42.870555555)
Poolesville,MD,1760,Point(-77.4083 39.1406)
Pownal,VT,1760,Point(-73.2120689 42.7916479)
Richmond,MA,1760,Point(-73.368055555 42.373055555)
Tarboro,NC,1760,Point(-77.545833333 35.902777777)
Addison,VT,1761,Point(-73.345008 44.0714243)
Andover,VT,1761,Point(-72.718055555 43.272777777)
Arlington,VT,1761,Point(-73.2021081 43.0750274)
Arlington,VT,1761,Point(-73.154 43.0748)
Bath,NH,1761,Point(-71.966111111 44.166944444)
Bridport,VT,1761,Point(-73.3329887 43.9831508)
Canaan,NH,1761,Point(-72.010277777 43.646666666)
Castleton,VT,1761,Point(-73.17983 43.61062)
Castleton,VT,1761,Point(-73.193333333 43.625555555)
Cornwall,VT,1761,Point(-73.2160062 43.9602413)
Dorset,VT,1761,Point(-73.09872 43.2548)
Enfield,NH,1761,Point(-72.145277777 43.641666666)
Enfield,NH,1761,Point(-72.14398 43.64063)
Fairlee,VT,1761,Point(-72.1631896 43.9253225)
Glastenbury,VT,1761,Point(-73.0744166 42.9777314)
Goffstown,NH,1761,Point(-71.600277777 43.020277777)
Grantham,NH,1761,Point(-72.1375 43.489166666)
Groton,NH,1761,Point(-71.835555555 43.701666666)
Hanover,NH,1761,Point(-72.283333333 43.7)
Hartford,VT,1761,Point(-72.338333333 43.660555555)
Hartland,CT,1761,Point(-72.948055555 42.005)
Hartland,VT,1761,Point(-72.39898 43.54063)
Hartland,VT,1761,Point(-72.4225 43.570555555)
Holderness,NH,1761,Point(-71.588333333 43.731111111)
Jonestown,PA,1761,Point(-76.4792 40.4139)
Jonestown,PA,1761,Point(-76.4783 40.4137)
Lebanon,NH,1761,Point(-72.2517 43.6422)
Leicester,VT,1761,Point(-73.0974302 43.8688615)
Lyme,NH,1761,Point(-72.156111111 43.810277777)
Manchester,VT,1761,Point(-73.0676568 43.1653655)
Middlebury,VT,1761,Point(-73.1223684 44.0042672)
New Haven,VT,1761,Point(-73.1646105 44.1041067)
Newfane,VT,1761,Point(-72.658333333 42.983333333)
Newport,NH,1761,Point(-72.173333333 43.365277777)
Norwich,VT,1761,Point(-72.30787 43.71535)
Norwich,VT,1761,Point(-72.303055555 43.730277777)
Orford,NH,1761,Point(-72.1375 43.905)
Oxford,NC,1761,Point(-78.590833333 36.311944444)
Peru,VT,1761,Point(-72.9206995 43.2551444)
Plainfield,NH,1761,Point(-72.356111111 43.534166666)
Rupert,VT,1761,Point(-73.1905112 43.263619)
Rutland,VT,1761,Point(-72.98 43.63)
Salisbury,VT,1761,Point(-73.1113631 43.9231064)
Sandgate,VT,1761,Point(-73.1970803 43.1688118)
Shaftsbury,VT,1761,Point(-73.2080843 42.980601)
Sharon,VT,1761,Point(-72.443888888 43.773611111)
Shoreham,VT,1761,Point(-73.3135468 43.8946058)
Somerset,VT,1761,Point(-72.9621773 42.9748806)
Southwest Harbor,ME,1761,Point(-68.325 44.279722222)
Springfield,VT,1761,Point(-72.483333333 43.297222222)
Strafford,VT,1761,Point(-72.3667537 43.8691778)
Strasburg,VA,1761,Point(-78.3586 38.9906)
Thetford,VT,1761,Point(-72.2480633 43.8352997)
Tinmouth,VT,1761,Point(-73.050833333 43.448333333)
Tunbridge,VT,1761,Point(-72.4852284 43.9019414)
Weybridge,VT,1761,Point(-73.2271567 44.0468375)
Winhall,VT,1761,Point(-72.9341902 43.1623155)
Woodstock,VT,1761,Point(-72.518333333 43.624166666)
Woodstock,VA,1761,Point(-78.5114 38.8769)
Adams,MA,1762,Point(-73.118055555 42.624166666)
Allentown,PA,1762,Point(-75.483333333 40.6)
Bristol,VT,1762,Point(-73.0701488 44.1231347)
Claremont,NH,1762,Point(-72.3375 43.3722)
Conway,MA,1762,Point(-72.7 42.509722222)
Conway,MA,1762,Point(-72.69953 42.50981)
Cummington,MA,1762,Point(-72.894444444 42.461666666)
Cummington,MA,1762,Point(-72.89398 42.46175)
Fayetteville,NC,1762,Point(-78.9175 35.066666666)
Ferrisburgh,VT,1762,Point(-73.2771907 44.2063557)
Hagerstown,MD,1762,Point(-77.72 39.642777777)
Hummelstown,PA,1762,Point(-76.7086 40.2653)
Hummelstown,PA,1762,Point(-76.7083 40.26537)
Jamestown,NC,1762,Point(-79.935833333 35.998333333)
Kinston,NC,1762,Point(-77.585 35.270555555)
Manheim,PA,1762,Point(-76.39639 40.1625)
Manheim,PA,1762,Point(-76.39496 40.16343)
McVeytown,PA,1762,Point(-77.74056 40.4975)
McVeytown,PA,1762,Point(-77.74138 40.49924)
Monkton,VT,1762,Point(-73.1323207 44.2276233)
Mont Alto,PA,1762,Point(-77.55832 39.84426)
Mont Alto,PA,1762,Point(-77.555 39.8433)
Mount Desert,ME,1762,Point(-68.317777777 44.330555555)
New Durham,NH,1762,Point(-71.163888888 43.434722222)
New Ipswich,NH,1762,Point(-71.854166666 42.748055555)
Queensbury,NY,1762,Point(-73.656944444 43.359444444)
Springfield,NY,1762,Point(-74.853611111 42.836111111)
Tremont,ME,1762,Point(-68.351388888 44.253611111)
Wilton,NH,1762,Point(-71.735 42.843333333)
Windham,ME,1762,Point(-70.416944444 43.810555555)
Womelsdorf,PA,1762,Point(-76.1878 40.3653)
Alstead,NH,1763,Point(-72.360555555 43.148888888)
Bar Harbor,ME,1763,Point(-68.209444444 44.385833333)
Candia,NH,1763,Point(-71.276666666 43.077777777)
Daphne,AL,1763,Point(-87.886388888 30.631111111)
Ellsworth,ME,1763,Point(-68.420277777 44.543055555)
Essex,VT,1763,Point(-73.0654211 44.5195569)
Fawn Grove,PA,1763,Point(-76.45191 39.72788)
Fawn Grove,PA,1763,Point(-76.4508 39.73)
Gilsum,NH,1763,Point(-72.262777777 43.048333333)
Haverhill,NH,1763,Point(-72.063888888 44.034166666)
Hinsdale,MA,1763,Point(-73.125833333 42.438611111)
Jericho,VT,1763,Point(-72.9628261 44.4764725)
Lancaster,NH,1763,Point(-71.569166666 44.488888888)
Lisbon,NH,1763,Point(-71.910833333 44.213333333)
Milton,DE,1763,Point(-75.3128 38.78)
Myerstown,PA,1763,Point(-76.304166666 40.371944444)
Myerstown,PA,1763,Point(-76.30273 40.37454)
New Boston,NH,1763,Point(-71.691666666 42.975833333)
New Windsor,NY,1763,Point(-74.02375 41.47675)
Newbury,VT,1763,Point(-72.1195495 44.1094176)
Orwell,VT,1763,Point(-73.2931546 43.8062061)
Plymouth,NH,1763,Point(-71.688611111 43.7575)
Ryegate,VT,1763,Point(-72.1145939 44.2221096)
Salisbury,NC,1763,Point(-80.478611111 35.668333333)
Sandwich,NH,1763,Point(-71.411111111 43.790833333)
Sarasota,FL,1763,Point(-82.535277777 27.337222222)
Sharpsburg,MD,1763,Point(-77.7494 39.4578)
Stowe,VT,1763,Point(-72.7218667 44.481346)
Thornton,NH,1763,Point(-71.675833333 43.892777777)
Trappe,PA,1763,Point(-75.4753 40.1972)
Warren,NH,1763,Point(-71.891666666 43.924722222)
Wellfleet,MA,1763,Point(-70.031 41.9305)
Westford,VT,1763,Point(-73.0047883 44.6010088)
Whiting,VT,1763,Point(-73.1997373 43.8720044)
Woodstock,NH,1763,Point(-71.685833333 43.977777777)
Abbeville,SC,1764,Point(-82.379166666 34.178611111)
Benton,NH,1764,Point(-71.901666666 44.103055555)
Boothbay,ME,1764,Point(-69.63366 43.87647)
Clarksburg,MA,1764,Point(-73.092777777 42.716944444)
Dalton,NH,1764,Point(-71.694722222 44.415833333)
Dover,PA,1764,Point(-76.8494 40.0039)
East Berlin,PA,1764,Point(-76.9808 39.9378)
East Berlin,PA,1764,Point(-76.97859 39.9376)
Franconia,NH,1764,Point(-71.748333333 44.227222222)
Franklin,NH,1764,Point(-71.6475 43.4442)
Gardner,MA,1764,Point(-71.998611111 42.575)
Lincoln,NH,1764,Point(-71.6706 44.045)
Lyndeborough,NH,1764,Point(-71.766388888 42.9075)
Mechanicville,NY,1764,Point(-73.690555555 42.903888888)
Millersville,PA,1764,Point(-76.35111 40.00611)
Newington,NH,1764,Point(-70.833611111 43.1)
Panton,VT,1764,Point(-73.3364244 44.1368441)
Raymond,NH,1764,Point(-71.183333333 43.036111111)
Topsham,ME,1764,Point(-69.858888888 43.871666666)
Topsham,ME,1764,Point(-69.97588 43.92758)
Unity,NH,1764,Point(-72.260277777 43.293888888)
Weare,NH,1764,Point(-71.730555555 43.094722222)
Westminster,MD,1764,Point(-77.0 39.576666666)
Youngstown,PA,1764,Point(-79.36559 40.27979)
Youngstown,PA,1764,Point(-79.3656 40.2808)
Bainbridge,GA,1765,Point(-84.5711 30.9047)
Bristol,ME,1765,Point(-69.509166666 43.9575)
Carencro,LA,1765,Point(-92.0436 30.3142)
Conway,NH,1765,Point(-71.118888888 43.978611111)
Cornish,NH,1765,Point(-72.369166666 43.464722222)
Dauphin,PA,1765,Point(-76.9311 40.3667)
Dauphin,PA,1765,Point(-76.93109 40.36731)
Dunbarton,NH,1765,Point(-71.616388888 43.1025)
Heath,MA,1765,Point(-72.822222222 42.673333333)
Heath,MA,1765,Point(-72.82176 42.67342)
Littlestown,PA,1765,Point(-77.0892 39.7436)
Littlestown,PA,1765,Point(-77.08804 39.74454)
McSherrystown,PA,1765,Point(-77.01917 39.80417)
McSherrystown,PA,1765,Point(-77.01137 39.80732)
Occoquan,VA,1765,Point(-77.2608 38.6828)
Olean,NY,1765,Point(-78.4321392 42.0818513)
Schenectady,NY,1765,Point(-73.929166666 42.804166666)
St. Charles,MO,1765,Point(-90.511666666 38.788611111)
St. Martinville,LA,1765,Point(-91.8306 30.125)
Winthrop,ME,1765,Point(-69.973333333 44.306944444)
Cheshire,MA,1766,Point(-73.163333333 42.561944444)
Deerfield,NH,1766,Point(-71.216388888 43.146111111)
Hancock,ME,1766,Point(-68.253611111 44.529166666)
Hope Mills,NC,1766,Point(-78.956666666 34.970555555)
Laceyville,PA,1766,Point(-76.16132 41.64591)
Laceyville,PA,1766,Point(-76.1606 41.6453)
Tamworth,NH,1766,Point(-71.262777777 43.859444444)
Wentworth,NH,1766,Point(-71.91 43.868888888)
Winston-Salem,NC,1766,Point(-80.260555555 36.1025)
Atkinson,NH,1767,Point(-71.146944444 42.838333333)
Barnstead,NH,1767,Point(-71.260833333 43.340555555)
Chatham,NH,1767,Point(-71.011111111 44.163611111)
East Hampton,CT,1767,Point(-72.5056 41.5681)
Funkstown,MD,1767,Point(-77.7075 39.6092)
Hampden,ME,1767,Point(-68.8375 44.744444444)
Huntingdon,PA,1767,Point(-78.0131 40.4953)
Lebanon,ME,1767,Point(-70.850833333 43.394444444)
Northumberland,NH,1767,Point(-71.558611111 44.563333333)
Peru,MA,1767,Point(-73.046388888 42.438055555)
Redding,CT,1767,Point(-73.392777777 41.304444444)
Rumney,NH,1767,Point(-71.813333333 43.804166666)
Stewartstown,PA,1767,Point(-76.5931 39.7542)
Stewartstown,PA,1767,Point(-76.59136 39.75371)
Windsor,MA,1767,Point(-73.058333333 42.511666666)
Carmichaels,PA,1768,Point(-79.975 39.8978)
Carmichaels,PA,1768,Point(-79.9745 39.89674)
Catasauqua,PA,1768,Point(-75.47463 40.65482)
Catasauqua,PA,1768,Point(-75.4675 40.6531)
Charlotte,NC,1768,Point(-80.843333333 35.226944444)
Dormont,PA,1768,Point(-80.0375 40.393611111)
Dormont,PA,1768,Point(-80.03311 40.3959)
Henniker,NH,1768,Point(-71.822222222 43.179722222)
Hollidaysburg,PA,1768,Point(-78.3889 40.42729)
Mason,NH,1768,Point(-71.768888888 42.743611111)
Meredith,NH,1768,Point(-71.500555555 43.657777777)
New Smyrna Beach,FL,1768,Point(-80.925277777 29.030555555)
Rindge,NH,1768,Point(-72.010277777 42.749722222)
Salisbury,NH,1768,Point(-71.7175 43.378611111)
Seabrook,NH,1768,Point(-70.873333333 42.893611111)
Temple,NH,1768,Point(-71.851388888 42.818055555)
Washington,PA,1768,Point(-80.2506 40.175)
Berwick,PA,1769,Point(-76.233611111 41.054722222)
Brookline,NH,1769,Point(-71.663611111 42.733611111)
Clarksville,PA,1769,Point(-80.0447 39.9742)
Clarksville,PA,1769,Point(-80.04394 39.97285)
Fort Loramie,OH,1769,Point(-84.3706 40.3481)
Huntington,MA,1769,Point(-72.876388888 42.236111111)
Lock Haven,PA,1769,Point(-77.450833333 41.137777777)
Parrottsville,TN,1769,Point(-83.091111111 36.009444444)
Rockport,ME,1769,Point(-69.076111111 44.184444444)
Royalton,VT,1769,Point(-72.547222222 43.816111111)
San Diego,CA,1769,Point(-117.1625 32.715)
Santa Monica,CA,1769,Point(-118.481388888 34.021944444)
Southwest Greensburg,PA,1769,Point(-79.54698 40.29118)
Southwest Greensburg,PA,1769,Point(-79.5486 40.2933)
Surry,NH,1769,Point(-72.321111111 43.017777777)
Verona,PA,1769,Point(-79.8431 40.50646)
Verona,PA,1769,Point(-79.840833333 40.505)
Wheeling,WV,1769,Point(-80.698611111 40.070277777)
Wilkes-Barre,PA,1769,Point(-75.878055555 41.244444444)
Williamsport,PA,1769,Point(-77.0186 41.2444)
Bardstown,KY,1770,Point(-85.46278 37.81528)
Bradford,VT,1770,Point(-72.1580104 44.0110114)
Hallam,PA,1770,Point(-76.6044 40.0039)
Howard,PA,1770,Point(-77.658055555 41.014166666)
Howard,PA,1770,Point(-77.6547 41.0139)
Jefferson,ME,1770,Point(-69.4525 44.206666666)
Johnstown,PA,1770,Point(-78.9208 40.3228)
Londonderry,VT,1770,Point(-72.8034705 43.2035216)
Millville,PA,1770,Point(-76.52995 41.12036)
Millville,PA,1770,Point(-76.5275 41.12278)
Milton,PA,1770,Point(-76.85056 41.01722)
Mint Hill,NC,1770,Point(-80.664432 35.180189)
Monongahela,PA,1770,Point(-79.928333333 40.200555555)
Monterey,CA,1770,Point(-121.89468 36.60024)
Mount Carmel,PA,1770,Point(-76.4119 40.79703)
Plainfield,MA,1770,Point(-72.916666666 42.515277777)
Poestenkill,NY,1770,Point(-73.56456 42.69036)
Poestenkill,NY,1770,Point(-73.521388888 42.6875)
Raleigh,NC,1770,Point(-78.64 35.78)
Sanbornton,NH,1770,Point(-71.583611111 43.491111111)
Southwick,MA,1770,Point(-72.770833333 42.054722222)
Southwick,MA,1770,Point(-72.77037 42.05482)
Unadilla,NY,1770,Point(-75.327777777 42.366111111)
Wolfeboro,NH,1770,Point(-71.212777777 43.584166666)
Bradford,NH,1771,Point(-71.96 43.27)
Breaux Bridge,LA,1771,Point(-91.8993 30.2736)
Brunswick,GA,1771,Point(-81.489166666 31.158888888)
Dublin,NH,1771,Point(-72.060833333 42.905833333)
Hallowell,ME,1771,Point(-69.7978 44.2867)
San Gabriel,CA,1771,Point(-118.10637 34.09765)
Vassalboro,ME,1771,Point(-69.67755 44.45923)
Walkertown,NC,1771,Point(-80.167777777 36.159166666)
Walkertown,NC,1771,Point(-80.1531 36.17541)
Winchester,CT,1771,Point(-73.13483 41.9001)
Winchester,CT,1771,Point(-73.103055555 41.925)
Winslow,ME,1771,Point(-69.605 44.5425)
Acworth,NH,1772,Point(-72.291944444 43.217777777)
Buxton,ME,1772,Point(-70.518888888 43.637777777)
Dorchester,NH,1772,Point(-71.948611111 43.756666666)
Fincastle,VA,1772,Point(-79.8767 37.4994)
Francestown,NH,1772,Point(-71.8125 42.9875)
Frankfort Springs,PA,1772,Point(-80.4408 40.4803)
Hillsborough,NH,1772,Point(-71.895 43.114722222)
Honaker,VA,1772,Point(-81.9736 37.0169)
Lempster,NH,1772,Point(-72.2106 43.2383)
Marlow,NH,1772,Point(-72.196944444 43.115833333)
Morgantown,WV,1772,Point(-79.950555555 39.633611111)
Newbury,NH,1772,Point(-72.035833333 43.321388888)
Northumberland,PA,1772,Point(-76.79747 40.89175)
Northumberland,PA,1772,Point(-76.7961 40.8939)
Nutter Fort,WV,1772,Point(-80.3225 39.262222222)
Peru,NY,1772,Point(-73.5268 44.57838)
Pinole,CA,1772,Point(-122.291111111 38.004444444)
San Luis Obispo,CA,1772,Point(-120.663055555 35.274166666)
Sunbury,PA,1772,Point(-76.7892 40.8639)
Wallkill,NY,1772,Point(-74.363611111 41.466666666)
Wormleysburg,PA,1772,Point(-76.91386 40.26287)
Wormleysburg,PA,1772,Point(-76.9058 40.2586)
Belfast,ME,1773,Point(-69.008333333 44.426111111)
Duboistown,PA,1773,Point(-77.03691 41.22258)
Duboistown,PA,1773,Point(-77.035 41.2253)
Eastville,VA,1773,Point(-75.94576 37.35264)
Fitzwilliam,NH,1773,Point(-72.141666666 42.780555555)
Hartleton,PA,1773,Point(-77.15609 40.90063)
Hartleton,PA,1773,Point(-77.1553 40.9003)
Jaffrey,NH,1773,Point(-72.023055555 42.813888888)
Loudon,NH,1773,Point(-71.467777777 43.285555555)
Northwood,NH,1773,Point(-71.150833333 43.194166666)
Rathbone,NY,1773,Point(-77.321111111 42.133888888)
Stratford,NH,1773,Point(-71.558611111 44.654166666)
Suffern,NY,1773,Point(-74.1458 41.1119)
Waldoboro,ME,1773,Point(-69.389722222 44.101388888)
Bethel,ME,1774,Point(-70.790555555 44.404166666)
Catawissa,PA,1774,Point(-76.4603 40.9525)
Catawissa,PA,1774,Point(-76.45967 40.95203)
Deering,NH,1774,Point(-71.844444444 43.073055555)
Edgecomb,ME,1774,Point(-69.630555555 43.958333333)
Greenville,NY,1774,Point(-74.02208 42.41536)
Harrodsburg,KY,1774,Point(-84.8461 37.7639)
Landaff,NH,1774,Point(-71.886944444 44.175)
Nelson,NH,1774,Point(-72.127777777 42.989444444)
Old Town,ME,1774,Point(-68.6764 44.9431)
Orono,ME,1774,Point(-68.672 44.883)
Stoddard,NH,1774,Point(-72.114444444 43.078611111)
Stoystown,PA,1774,Point(-78.9539 40.1028)
Stoystown,PA,1774,Point(-78.94947 40.10341)
Wakefield,NH,1774,Point(-71.029722222 43.568333333)
Warner,NH,1774,Point(-71.815833333 43.280277777)
Washington,GA,1774,Point(-82.739305555 33.736805555)
Corinth,NY,1775,Point(-73.889722222 43.226666666)
Lexington,NC,1775,Point(-80.258611111 35.816666666)
Lexington,KY,1775,Point(-84.494722222 38.029722222)
Limerick,ME,1775,Point(-70.771666666 43.682777777)
Manchester,ME,1775,Point(-69.8761 44.3139)
Meshoppen,PA,1775,Point(-76.04611 41.61444)
Oxford,PA,1775,Point(-75.978333333 39.783888888)
Paris,KY,1775,Point(-84.2578 38.2064)
Plaquemine,LA,1775,Point(-91.2406 30.2842)
Stanford,KY,1775,Point(-84.6603 37.5322)
Tucson,AZ,1775,Point(-110.926388888 32.221666666)
Washingtonville,PA,1775,Point(-76.67468 41.05175)
Washingtonville,PA,1775,Point(-76.675 41.0525)
Abingdon,VA,1776,Point(-81.975555555 36.709722222)
Berkeley Springs,WV,1776,Point(-78.226944444 39.625555555)
Carthage,NC,1776,Point(-79.41697 35.34599)
Costa Mesa,CA,1776,Point(-117.91 33.67)
Daisytown,PA,1776,Point(-78.90086 40.31924)
Daisytown,PA,1776,Point(-78.9003 40.3197)
Danville,PA,1776,Point(-76.6119 40.9617)
Macungie,PA,1776,Point(-75.55222 40.51389)
Macungie,PA,1776,Point(-75.55519 40.51593)
Marlborough,NH,1776,Point(-72.21 42.904722222)
Monmouth,ME,1776,Point(-70.035555555 44.238611111)
San Francisco,CA,1776,Point(-122.416388888 37.7775)
Saratoga Springs,NY,1776,Point(-73.7825 43.075277777)
Uniontown,PA,1776,Point(-79.724444444 39.9)
Washington,NC,1776,Point(-77.051944444 35.553611111)
Washington,NH,1776,Point(-72.0975 43.176388888)
Antrim,NH,1777,Point(-71.938888888 43.030833333)
Brewer,ME,1777,Point(-68.761388888 44.796666666)
Morganton,NC,1777,Point(-81.692222222 35.7425)
Moultonborough,NH,1777,Point(-71.396388888 43.755)
New Hampton,NH,1777,Point(-71.652777777 43.605277777)
Robesonia,PA,1777,Point(-76.1367 40.3517)
Robesonia,PA,1777,Point(-76.13439 40.35176)
San Jose,CA,1777,Point(-121.872777777 37.304166666)
Santa Clara,CA,1777,Point(-121.966666666 37.35)
Smithfield,NC,1777,Point(-78.346388888 35.509166666)
Effingham,NH,1778,Point(-70.996388888 43.761111111)
Grafton,NH,1778,Point(-71.973888888 43.573333333)
Gray,ME,1778,Point(-70.331666666 43.885555555)
Greene,ME,1778,Point(-70.140277777 44.189722222)
Hill,NH,1778,Point(-71.701388888 43.521666666)
Louisville,KY,1778,Point(-85.751388888 38.256111111)
Martinsburg,WV,1778,Point(-77.967777777 39.456388888)
New Richmond,OH,1778,Point(-84.2817 38.955)
Newport,NC,1778,Point(-76.85911 34.78655)
Selbyville,DE,1778,Point(-75.224166666 38.458611111)
Shinnston,WV,1778,Point(-80.3003 39.3942)
White Oak,PA,1778,Point(-79.813333333 40.345)
Andover,NH,1779,Point(-71.823333333 43.436388888)
Barkhamsted,CT,1779,Point(-72.972222222 41.929166666)
Bethel,VT,1779,Point(-72.646111111 43.844444444)
Bethel,VT,1779,Point(-72.63399 43.8334)
Buckland,MA,1779,Point(-72.792222222 42.592222222)
Buckland,MA,1779,Point(-72.79176 42.59231)
Calais,ME,1779,Point(-67.2425 45.1661)
Colebrook,CT,1779,Point(-73.084444444 42.001388888)
Derby,VT,1779,Point(-72.133333333 44.966666666)
Fair Haven,VT,1779,Point(-73.268333333 43.618888888)
Glassboro,NJ,1779,Point(-75.1114 39.7001)
Hancock,NH,1779,Point(-71.979722222 42.972777777)
Harrisonburg,VA,1779,Point(-78.8689 38.4494)
Jonesborough,TN,1779,Point(-82.4725 36.294166666)
Louisburg,NC,1779,Point(-78.2989 36.1003)
Martins Ferry,OH,1779,Point(-80.725 40.09889)
Nashville,TN,1779,Point(-86.774444444 36.162222222)
New Iberia,LA,1779,Point(-91.8183 30.0036)
New London,NH,1779,Point(-71.985277777 43.413888888)
Southington,CT,1779,Point(-72.879166666 41.605)
Warrenton,NC,1779,Point(-78.1569 36.4003)
Washington,CT,1779,Point(-73.318333333 41.653333333)
Williamston,NC,1779,Point(-77.0625 35.851388888)
Baileyville,ME,1780,Point(-67.418888888 45.158055555)
Charleston,VT,1780,Point(-72.013055555 44.841666666)
Gettysburg,PA,1780,Point(-77.2322 39.8283)
Hardinsburg,KY,1780,Point(-86.455 37.7764)
Jamaica,VT,1780,Point(-72.7993386 43.1005964)
Landgrove,VT,1780,Point(-72.8465533 43.2638647)
Mercersburg,PA,1780,Point(-77.90333 39.82787)
Mercersburg,PA,1780,Point(-77.90194 39.82917)
Middlefield,MA,1780,Point(-73.015555555 42.348333333)
Millerstown,PA,1780,Point(-77.15471 40.54953)
Millerstown,PA,1780,Point(-77.1547 40.5508)
Morgan,VT,1780,Point(-71.990277777 44.905277777)
Northfield,NH,1780,Point(-71.5923 43.43313)
Northfield,NH,1780,Point(-71.593055555 43.4375)
Pittsfield,VT,1780,Point(-72.831388888 43.768611111)
Rochester,VT,1780,Point(-72.812222222 43.876111111)
Shirleysburg,PA,1780,Point(-77.8747 40.2969)
Shirleysburg,PA,1780,Point(-77.87416 40.29786)
South Greensburg,PA,1780,Point(-79.5486 40.2772)
South Greensburg,PA,1780,Point(-79.54476 40.2784)
Starksboro,VT,1780,Point(-73.0156062 44.2286824)
Ville Platte,LA,1780,Point(-92.2775 30.6892)
Wardsboro,VT,1780,Point(-72.8100792 43.0207625)
Waterford,VT,1780,Point(-71.9403265 44.37904)
Watertown,CT,1780,Point(-73.11817 41.60621)
Watertown,CT,1780,Point(-73.116666666 41.616666666)
Arnold,PA,1781,Point(-79.764444444 40.5775)
Bath,ME,1781,Point(-69.8225 43.916388888)
Braintree,VT,1781,Point(-72.7206859 43.9697584)
Brookfield,VT,1781,Point(-72.5922172 44.0286165)
Cambridge,VT,1781,Point(-72.8186668 44.6277935)
Chelsea,VT,1781,Point(-72.4571131 43.9940267)
Craftsbury,VT,1781,Point(-72.379166666 44.658055555)
Granville,VT,1781,Point(-72.8401873 44.0054779)
Greensboro,PA,1781,Point(-79.9122 39.7928)
Greensboro,VT,1781,Point(-72.29566 44.57644)
Greensboro,VT,1781,Point(-72.300277777 44.589166666)
Hancock,VT,1781,Point(-72.9108918 43.9197238)
Irasburg,VT,1781,Point(-72.27955 44.80338)
Irasburg,VT,1781,Point(-72.267777777 44.806111111)
Los Angeles,CA,1781,Point(-118.24368 34.05223)
Northfield,VT,1781,Point(-72.6841276 44.1452897)
Pineville,KY,1781,Point(-83.6994 36.7631)
Randolph,VT,1781,Point(-72.606596 43.9374491)
Ripton,VT,1781,Point(-72.9915131 43.9885241)
Roxbury,VT,1781,Point(-72.727111 44.0700162)
Searsburg,VT,1781,Point(-72.9666551 42.8930745)
Sunapee,NH,1781,Point(-72.087777777 43.3875)
Vershire,VT,1781,Point(-72.3247344 43.9561764)
Westmore,VT,1781,Point(-72.026111111 44.756944444)
Albany,VT,1782,Point(-72.37983 44.73088)
Albany,VT,1782,Point(-72.340555555 44.730555555)
Alexandria,NH,1782,Point(-71.792777777 43.611388888)
Bedford,VA,1782,Point(-79.522783 37.334591)
Bel Air,MD,1782,Point(-76.3490396 39.5355063)
Burke,VT,1782,Point(-71.9288021 44.6142161)
Greencastle,PA,1782,Point(-77.72777 39.79037)
Greencastle,PA,1782,Point(-77.7267 39.7894)
Lewisburg,WV,1782,Point(-80.440277777 37.804166666)
Pittsfield,NH,1782,Point(-71.328333333 43.304722222)
Rumford,ME,1782,Point(-70.551444444 44.554277777)
Russell,MA,1782,Point(-72.859722222 42.189722222)
Russell,MA,1782,Point(-72.85926 42.18981)
Ventura,CA,1782,Point(-119.254206 34.26778)
Wapakoneta,OH,1782,Point(-84.194167 40.569167)
Athens,PA,1783,Point(-76.518 41.9573)
Athens,PA,1783,Point(-76.5225 41.9639)
Burlington,VT,1783,Point(-73.2314828 44.4876246)
Charlestown,NH,1783,Point(-72.424444444 43.234444444)
Clarksville,IN,1783,Point(-85.7672 38.3119)
Dandridge,TN,1783,Point(-83.41489 36.01537)
Dunmore,PA,1783,Point(-75.63241 41.4198)
Dunmore,PA,1783,Point(-75.6244 41.4175)
East Hartford,CT,1783,Point(-72.615277777 41.761388888)
Florida,MA,1783,Point(-73.0144875 42.6803465)
Glover,VT,1783,Point(-72.221111111 44.694166666)
Glover,VT,1783,Point(-72.18691 44.70694)
Greeneville,TN,1783,Point(-82.813333333 36.168611111)
Minersville,PA,1783,Point(-76.26217 40.69065)
Minersville,PA,1783,Point(-76.26 40.69028)
Montgomery,PA,1783,Point(-76.8758 41.1714)
New Freedom,PA,1783,Point(-76.6986 39.7367)
South Waverly,PA,1783,Point(-76.54 41.9956)
South Waverly,PA,1783,Point(-76.53717 41.99757)
St. Albans,VT,1783,Point(-73.0872 44.8097)
Swansboro,NC,1783,Point(-77.127222222 34.693333333)
Vergennes,VT,1783,Point(-73.2556148 44.1669044)
Wadesboro,NC,1783,Point(-80.066666666 34.966666666)
Walterboro,SC,1783,Point(-80.666111111 32.904166666)
Berlin,PA,1784,Point(-78.9578 39.92064)
Berlin,PA,1784,Point(-78.95 39.9214)
Bromley,KY,1784,Point(-84.56 39.0825)
Georgetown,KY,1784,Point(-84.56 38.2097)
Halifax,PA,1784,Point(-76.9311 40.4675)
Halifax,PA,1784,Point(-76.93192 40.46814)
Hendersonville,TN,1784,Point(-86.62 36.304722222)
Jefferson Hills,PA,1784,Point(-79.933055555 40.285555555)
Lewisberry,PA,1784,Point(-76.85969 40.13509)
Lewisberry,PA,1784,Point(-76.8606 40.1353)
Lewisburg,PA,1784,Point(-76.8881 40.9639)
Littleton,NH,1784,Point(-71.77 44.306111111)
Machias,ME,1784,Point(-67.466666666 44.683333333)
Rockingham,NC,1784,Point(-79.761111111 34.939444444)
Sutton,NH,1784,Point(-71.951388888 43.334166666)
Towanda,PA,1784,Point(-76.4467 41.7703)
Woodbridge,CT,1784,Point(-73.011388888 41.354166666)
Woodbridge,CT,1784,Point(-73.00844 41.3526)
Berlin,CT,1785,Point(-72.7725 41.613888888)
Bristol,CT,1785,Point(-72.940555555 41.681111111)
Brownsville,PA,1785,Point(-79.8894 40.02)
Brownsville,PA,1785,Point(-79.88394 40.02369)
Clarksburg,WV,1785,Point(-80.344444444 39.280555555)
Clarksville,TN,1785,Point(-87.3594444 36.5297222)
Danville,KY,1785,Point(-84.7725 37.645833333)
East Haven,CT,1785,Point(-72.86843 41.27621)
East Haven,CT,1785,Point(-72.8625 41.295555555)
Emmitsburg,MD,1785,Point(-77.3253 39.7047)
Ferndale,PA,1785,Point(-78.9181 40.2881)
Ferndale,PA,1785,Point(-78.91475 40.28896)
Florissant,MO,1785,Point(-90.325555555 38.797777777)
Galveston,TX,1785,Point(-94.7977778 29.3013889)
Havre de Grace,MD,1785,Point(-76.0975 39.5483)
Hudson,NY,1785,Point(-73.789722222 42.25)
Laurens,SC,1785,Point(-82.018333333 34.500833333)
Maryville,TN,1785,Point(-83.97556 35.74972)
Monroe,LA,1785,Point(-92.1183 32.5094)
Ossipee,NH,1785,Point(-71.117222222 43.684722222)
Owego,NY,1785,Point(-76.2633 42.1044)
Pittsboro,NC,1785,Point(-79.176388888 35.720277777)
Plattsburgh,NY,1785,Point(-73.458333333 44.695277777)
Plattsburgh,NY,1785,Point(-73.4956 44.6881)
Shapleigh,ME,1785,Point(-70.848055555 43.540555555)
Thompson,CT,1785,Point(-71.877777777 41.984444444)
Thompson,CT,1785,Point(-71.86257 41.95871)
Accident,MD,1786,Point(-79.32 39.6281)
Accomac,VA,1786,Point(-75.667222222 37.718611111)
Ashland,KY,1786,Point(-82.6417 38.4639)
Augusta,KY,1786,Point(-84.0058 38.7717)
Bayou La Batre,AL,1786,Point(-88.248117 30.403253)
Bishopville,SC,1786,Point(-80.248888888 34.218888888)
Blakely,PA,1786,Point(-75.6 41.4833)
Blakely,PA,1786,Point(-75.59463 41.48091)
Bozrah,CT,1786,Point(-72.175277777 41.544722222)
Camden,SC,1786,Point(-80.609166666 34.259166666)
Castle Shannon,PA,1786,Point(-80.02228 40.36479)
Castle Shannon,PA,1786,Point(-80.019722222 40.365833333)
Charleston,WV,1786,Point(-81.633333333 38.347222222)
Chemung,NY,1786,Point(-76.623888888 42.008333333)
Cooperstown,NY,1786,Point(-74.926944444 42.697222222)
Dearborn,MI,1786,Point(-83.213480555 42.311330555)
Ellington,CT,1786,Point(-72.46981 41.90399)
Ellington,CT,1786,Point(-72.457777777 41.916666666)
Erwin,NY,1786,Point(-77.122222222 42.149722222)
Frankfort,KY,1786,Point(-84.863 38.197)
Greenville,NC,1786,Point(-77.3725 35.601666666)
Hamden,CT,1786,Point(-72.921666666 41.397777777)
Hampton,CT,1786,Point(-72.066666666 41.783333333)
Knoxville,TN,1786,Point(-83.923333333 35.961666666)
Litchfield,NY,1786,Point(-75.145083333 42.976972222)
Louisville,GA,1786,Point(-82.4047 33.0042)
McConnellsburg,PA,1786,Point(-77.99583 39.9325)
Montville,CT,1786,Point(-72.155555555 41.463888888)
Montville,CT,1786,Point(-72.15119 41.47899)
North Haven,CT,1786,Point(-72.85954 41.39093)
Readsboro,VT,1786,Point(-72.971838 42.7988474)
Readsboro,VT,1786,Point(-72.94732 42.77175)
Rocky Mount,VA,1786,Point(-79.8897 36.9997)
St. Johnsbury,VT,1786,Point(-72.0115463 44.4552387)
Turner,ME,1786,Point(-70.256111111 44.256388888)
Union,ME,1786,Point(-69.274166666 44.211388888)
Woodsboro,MD,1786,Point(-77.3144 39.5344)
Bethlehem,CT,1787,Point(-73.208611111 41.639166666)
Brunswick,MD,1787,Point(-77.6281858 39.3131621)
Columbia,SC,1787,Point(-81.044166666 34.000555555)
Cumberland,MD,1787,Point(-78.762777777 39.647777777)
Elizabeth,PA,1787,Point(-79.8864 40.2711)
Elkton,MD,1787,Point(-75.825833333 39.61)
Fairfield,OH,1787,Point(-84.542842 39.331156)
Farragut,TN,1787,Point(-84.173611111 35.8775)
Farragut,TN,1787,Point(-84.15353 35.88452)
Goldsboro,NC,1787,Point(-77.978055555 35.381944444)
Hallstead,PA,1787,Point(-75.7486 41.9625)
Hallstead,PA,1787,Point(-75.74324 41.96119)
Hamburg,PA,1787,Point(-75.9833 40.55)
Hamburg,PA,1787,Point(-75.98188 40.55565)
Langdon,NH,1787,Point(-72.380277777 43.166666666)
Lumberton,NC,1787,Point(-79.0119 34.6272)
Middleburg,VA,1787,Point(-77.7375 38.9683)
Monaca,PA,1787,Point(-80.2769 40.6839)
Monaca,PA,1787,Point(-80.27145 40.68729)
Montpelier,VT,1787,Point(-72.5717415 44.2658586)
Morristown,TN,1787,Point(-83.2961 36.2106)
Murfreesboro,NC,1787,Point(-77.096944444 36.441111111)
Norway,NY,1787,Point(-74.952222222 43.208333333)
Penobscot,ME,1787,Point(-68.71114 44.46452)
Plymouth,NC,1787,Point(-76.747777777 35.859722222)
Rutherfordton,NC,1787,Point(-81.958888888 35.366388888)
Selinsgrove,PA,1787,Point(-76.86219 40.79897)
Selinsgrove,PA,1787,Point(-76.863055555 40.8025)
Southbury,CT,1787,Point(-73.234166666 41.473611111)
Southbury,CT,1787,Point(-73.21317 41.48148)
Sullivan,NH,1787,Point(-72.220833333 43.013055555)
Troy,NY,1787,Point(-73.6925 42.731666666)
West Grove,PA,1787,Point(-75.82744 39.82205)
West Grove,PA,1787,Point(-75.8267 39.8217)
Weston,CT,1787,Point(-73.370555555 41.225555555)
Woodruff,SC,1787,Point(-82.0325 34.740555555)
Allegheny,PA,1788,Point(-80.02 40.45)
Amenia,NY,1788,Point(-73.554722222 41.846944444)
Ashland,NY,1788,Point(-76.739444444 42.0225)
Bristol,NY,1788,Point(-77.424166666 42.845277777)
Brookfield,CT,1788,Point(-73.391944444 41.468611111)
Canajoharie,NY,1788,Point(-74.571944444 42.906111111)
Canandaigua,NY,1788,Point(-77.2817 42.8861)
Catskill,NY,1788,Point(-73.8664 42.2211)
Cincinnati,OH,1788,Point(-84.5125 39.1)
Columbia,PA,1788,Point(-76.496666666 40.033055555)
Cortlandt,NY,1788,Point(-73.9025 41.261388888)
Front Royal,VA,1788,Point(-78.1919 38.9258)
Halfmoon,NY,1788,Point(-73.7425 42.856666666)
Herkimer,NY,1788,Point(-74.99027778 43.02611111)
Johnsburg,NY,1788,Point(-74.004166666 43.643333333)
Marietta,OH,1788,Point(-81.45028 39.42056)
Meadville,PA,1788,Point(-80.14722 41.64194)
Menomonie,WI,1788,Point(-91.918055555 44.879166666)
Mount Vernon,IN,1788,Point(-87.8989 37.9367)
Murrysville,PA,1788,Point(-79.6567 40.4347)
New Brighton,PA,1788,Point(-80.31006 40.73034)
New Brighton,PA,1788,Point(-80.3097 40.7369)
New Madrid,MO,1788,Point(-89.535833333 36.587777777)
Norwich,NY,1788,Point(-75.521666666 42.531944444)
Orangetown,NY,1788,Point(-73.961666666 41.058611111)
Palatine,NY,1788,Point(-74.562777777 42.95)
Pawling,NY,1788,Point(-73.6 41.5667)
Pelham,NY,1788,Point(-73.8075 40.910555555)
Philipstown,NY,1788,Point(-73.929722222 41.405833333)
Plum,PA,1788,Point(-79.754444444 40.498611111)
Plum,PA,1788,Point(-79.74949 40.50035)
Pound Ridge,NY,1788,Point(-73.5747 41.2086)
Pound Ridge,NY,1788,Point(-73.57485 41.20871)
Sabattus,ME,1788,Point(-70.1075 44.119722222)
Sharonville,OH,1788,Point(-84.413333333 39.268055555)
Warwick,NY,1788,Point(-74.35988 41.25648)
West Newton,PA,1788,Point(-79.7692 40.2094)
West Newton,PA,1788,Point(-79.76699 40.20979)
Westmont,PA,1788,Point(-78.95169 40.31563)
Westmont,PA,1788,Point(-78.9489 40.3186)
Worcester,NY,1788,Point(-74.75043 42.59146)
Worcester,NY,1788,Point(-74.716666666 42.6)
Bainbridge,NY,1789,Point(-75.47935 42.29341)
Bainbridge,NY,1789,Point(-75.48 42.2947)
Barton,VT,1789,Point(-72.17621 44.7481)
Barton,VT,1789,Point(-72.186666666 44.763611111)
Belpre,OH,1789,Point(-81.585 39.2803)
Blue Hill,ME,1789,Point(-68.566111111 44.404444444)
Braden,TN,1789,Point(-89.574942 35.374867)
Canisteo,NY,1789,Point(-77.60582 42.27035)
Carthage,TN,1789,Point(-85.949211 36.25496)
Deer Isle,ME,1789,Point(-68.6775 44.223888888)
Fort Gay,WV,1789,Point(-82.594722222 38.1175)
Freeport,ME,1789,Point(-70.1017 43.8439)
Geneseo,NY,1789,Point(-77.813611111 42.795833333)
Georgetown,AR,1789,Point(-91.45513 35.12703)
Georgetown,AR,1789,Point(-91.353333333 35.127777777)
Jerusalem,NY,1789,Point(-77.143055555 42.620277777)
Lodi,NY,1789,Point(-76.824166666 42.613333333)
Macedon,NY,1789,Point(-77.303611111 43.067777777)
Middletown,NY,1789,Point(-74.610555555 42.169166666)
Millvale,PA,1789,Point(-79.97361 40.48278)
Moravia,NY,1789,Point(-76.4231 42.7111)
New Milford,PA,1789,Point(-75.727222222 41.8725)
New Milford,PA,1789,Point(-75.7264 41.8764)
Palmyra,NY,1789,Point(-77.2333 43.0636)
Rogersville,TN,1789,Point(-83.0 36.416666666)
Romulus,NY,1789,Point(-76.833611111 42.752222222)
Shelton,CT,1789,Point(-73.138055555 41.304166666)
Vinalhaven,ME,1789,Point(-68.831666666 44.048055555)
West Point,KY,1789,Point(-85.9544 37.9917)
Apollo,PA,1790,Point(-79.56417 40.58389)
Bartlett,NH,1790,Point(-71.282777777 44.077777777)
Brownington,VT,1790,Point(-72.134166666 44.825555555)
Burlington,PA,1790,Point(-76.60745 41.7798)
Burlington,PA,1790,Point(-76.6086 41.7828)
Camillus,NY,1790,Point(-76.3081 43.0394)
Easton,MD,1790,Point(-76.070555555 38.771666666)
Fayette,NY,1790,Point(-76.866666666 42.85)
Gallipolis,OH,1790,Point(-82.1975 38.8153)
Hornell,NY,1790,Point(-77.666666666 42.316666666)
Hornellsville,NY,1790,Point(-77.673888888 42.346111111)
Le Raysville,PA,1790,Point(-76.1803 41.8378)
Le Raysville,PA,1790,Point(-76.18021 41.83869)
Lewistown,PA,1790,Point(-77.573333333 40.5975)
Lincoln,VT,1790,Point(-72.9724365 44.0955426)
Loudon,TN,1790,Point(-84.349444444 35.733888888)
Manchester,OH,1790,Point(-83.60917 38.68944)
Mifflintown,PA,1790,Point(-77.39528 40.57056)
Naples,NY,1790,Point(-77.4025 42.6161)
Naples,ME,1790,Point(-70.609166666 43.971666666)
Ohioville,PA,1790,Point(-80.49479 40.67923)
Ohioville,PA,1790,Point(-80.4714 40.6794)
Orange,NH,1790,Point(-71.971388888 43.653888888)
Rensselaerville,NY,1790,Point(-74.171944444 42.479444444)
South Williamsport,PA,1790,Point(-77.0006 41.2292)
Sylvania,GA,1790,Point(-81.6397 32.7503)
Tatamy,PA,1790,Point(-75.25712 40.74093)
Tatamy,PA,1790,Point(-75.253333333 40.740833333)
Taylor,PA,1790,Point(-75.7153 41.3914)
Ulysses,NY,1790,Point(-76.615555555 42.518333333)
Waymart,PA,1790,Point(-75.4069 41.5808)
Wilkinsburg,PA,1790,Point(-79.88199 40.44174)
Wilkinsburg,PA,1790,Point(-79.8775 40.443888888)
Williamsburg,PA,1790,Point(-78.2039 40.4617)
Benson,VT,1791,Point(-73.31123 43.70701)
Benson,VT,1791,Point(-73.294444444 43.713611111)
Brookfield,NY,1791,Point(-75.344722222 42.804444444)
Camden,ME,1791,Point(-69.064722222 44.209722222)
Canonsburg,PA,1791,Point(-80.185 40.261944444)
Clarkstown,NY,1791,Point(-73.980277777 41.126111111)
Cortland,NY,1791,Point(-76.181388888 42.600555555)
Courtland,VA,1791,Point(-77.0661 36.7158)
Georgetown,DE,1791,Point(-75.386666666 38.690277777)
Goshen,NH,1791,Point(-72.147777777 43.301111111)
Greenfield,NH,1791,Point(-71.872222222 42.950555555)
Homer,NY,1791,Point(-76.17882 42.63701)
Homer,NY,1791,Point(-76.182 42.6408)
Honeoye Falls,NY,1791,Point(-77.587222222 42.956388888)
Jacksonville,FL,1791,Point(-81.65 30.316666666)
New Castle,NY,1791,Point(-73.768611111 41.185277777)
Owego,NY,1791,Point(-76.263333333 42.104444444)
Oxford,NY,1791,Point(-75.5978 42.4422)
Quarryville,PA,1791,Point(-76.1622 39.8953)
Quarryville,PA,1791,Point(-76.16357 39.89705)
Ramapo,NY,1791,Point(-74.168611111 41.141111111)
Santa Cruz,CA,1791,Point(-122.026252 36.97205)
Sharon,NH,1791,Point(-71.915555555 42.813055555)
Union,NY,1791,Point(-75.887222222 42.867777777)
Wayne,NY,1791,Point(-77.105555555 42.470833333)
Armagh,PA,1792,Point(-79.03197 40.45368)
Armagh,PA,1792,Point(-79.030555555 40.459444444)
Beaver,PA,1792,Point(-80.3075 40.6947)
Bolton,NY,1792,Point(-73.668055555 43.559166666)
Boonsboro,MD,1792,Point(-77.6539 39.5083)
Bucksport,ME,1792,Point(-68.7875 44.571)
Bulls Gap,TN,1792,Point(-83.079507 36.259094)
Castorland,NY,1792,Point(-75.5139 43.8875)
Cherryville,NC,1792,Point(-81.3792 35.3811)
Christiansburg,VA,1792,Point(-80.4078 37.1411)
Duncannon,PA,1792,Point(-77.0206 40.3939)
Duncannon,PA,1792,Point(-77.02303 40.39814)
Goshen,VT,1792,Point(-73.0048022 43.8657914)
Greene,NY,1792,Point(-75.77 42.33)
Groveland,NY,1792,Point(-77.769722222 42.664722222)
Hebron,NH,1792,Point(-71.806666666 43.693611111)
Huron,OH,1792,Point(-82.565 41.3997)
Johnson,VT,1792,Point(-72.6844758 44.6484356)
Kingston,TN,1792,Point(-84.525 35.872222222)
Lake Luzerne,NY,1792,Point(-73.825 43.319166666)
"Liberty, Tioga County",PA,1792,Point(-77.1047 41.5583)
"Liberty, Tioga County",PA,1792,Point(-77.10469 41.55841)
Limington,ME,1792,Point(-70.71089 43.73174)
Mifflinburg,PA,1792,Point(-77.046666666 40.918888888)
Mount Sterling,KY,1792,Point(-83.9444 38.0567)
New Berlin,PA,1792,Point(-76.98692 40.87897)
New Berlin,PA,1792,Point(-76.9864 40.8803)
"New Oxford, Pennsylvania",PA,1792,Point(-77.0564 39.8633)
Paterson,NJ,1792,Point(-74.163055555 40.915555555)
Railroad,PA,1792,Point(-76.6994 39.7567)
Railroad,PA,1792,Point(-76.6983 39.76066)
Shelbyville,KY,1792,Point(-85.2258 38.2122)
Sherburne,NY,1792,Point(-75.4975 42.6792)
Sidney,ME,1792,Point(-69.740524 44.446526)
Southport,NC,1792,Point(-78.020555555 33.924444444)
St. Marys,GA,1792,Point(-81.5714 30.7564)
Steuben,NY,1792,Point(-75.283055555 43.32)
Stuart,VA,1792,Point(-80.2739 36.6403)
Verona,NY,1792,Point(-75.570833333 43.138055555)
Versailles,KY,1792,Point(-84.7308 38.0547)
Virgil,NY,1792,Point(-76.158055555 42.510833333)
Yanceyville,NC,1792,Point(-79.341666666 36.406944444)
Alexandria,PA,1793,Point(-78.098888888 40.557777777)
Alexandria,PA,1793,Point(-78.09778 40.55646)
Alexandria,KY,1793,Point(-84.38917 38.95889)
Aliquippa,PA,1793,Point(-80.263055555 40.615)
Auburn,NY,1793,Point(-76.564769444 42.931661111)
Baltimore,VT,1793,Point(-72.566666666 43.35)
Bath,NY,1793,Point(-77.3169 42.3378)
Benton,PA,1793,Point(-76.38355 41.19508)
Benton,PA,1793,Point(-76.3833 41.1961)
Bethlehem,NY,1793,Point(-73.833333333 42.6)
Bradford,NY,1793,Point(-77.108888888 42.371111111)
Buckfield,ME,1793,Point(-70.36534 44.28951)
Cambridge,MD,1793,Point(-76.076944444 38.566388888)
Cape Girardeau,MO,1793,Point(-89.546388888 37.309166666)
Cazenovia,NY,1793,Point(-75.8526 42.9315)
Chapel Hill,NC,1793,Point(-79.049922222 35.907308333)
Columbia,NC,1793,Point(-76.249722222 35.917777777)
Cynthiana,KY,1793,Point(-84.2969 38.3883)
Delaware Water Gap,PA,1793,Point(-75.1425 40.9819)
Elbridge,NY,1793,Point(-76.4433 43.0342)
Florida,NY,1793,Point(-74.2 42.9)
Georgetown,PA,1793,Point(-80.5 40.6411)
Georgetown,PA,1793,Point(-80.49784 40.64145)
Kaukauna,WI,1793,Point(-88.268333333 44.278888888)
Landisburg,PA,1793,Point(-77.3069 40.3422)
Landisburg,PA,1793,Point(-77.30721 40.34258)
Lawrenceville,PA,1793,Point(-77.1292 41.9958)
Manchester,NY,1793,Point(-77.23026 42.96979)
Manchester,NY,1793,Point(-77.2261 42.9694)
Manchester,NY,1793,Point(-77.226111111 42.969444444)
Milesburg,PA,1793,Point(-77.789166666 40.9425)
Milesburg,PA,1793,Point(-77.785 40.94173)
"Newry, Pennsylvania",PA,1793,Point(-78.435 40.3933)
Paris,ME,1793,Point(-70.500555555 44.259722222)
Phelps,NY,1793,Point(-77.0622 42.9583)
Shepherdsville,KY,1793,Point(-85.7139 37.9881)
Trenton,NY,1793,Point(-75.190555555 43.255277777)
Urbana,NY,1793,Point(-77.181111111 42.454444444)
Wyalusing,PA,1793,Point(-76.2633 41.6675)
Wyalusing,PA,1793,Point(-76.26188 41.66813)
Alfred,ME,1794,Point(-70.718611111 43.4825)
Alna,ME,1794,Point(-69.603611111 44.106111111)
Avoca,NY,1794,Point(-77.42137 42.40951)
Avoca,NY,1794,Point(-77.4203 42.4106)
Bridgton,ME,1794,Point(-70.71284 44.05479)
Brookeville,MD,1794,Point(-77.0591452 39.1806623)
Brookfield,NH,1794,Point(-71.065 43.558888888)
Centreville,MD,1794,Point(-76.064444444 39.046111111)
Chester,NY,1794,Point(-73.847222222 43.676944444)
Cohocton,NY,1794,Point(-77.500277777 42.500555555)
Cornish,ME,1794,Point(-70.80117 43.8048)
Dresden,ME,1794,Point(-69.75 44.076944444)
Dushore,PA,1794,Point(-76.40077 41.52424)
Dushore,PA,1794,Point(-76.4006 41.5278)
Elizabeth City,NC,1794,Point(-76.225 36.295555555)
Farmington,ME,1794,Point(-70.146944444 44.665555555)
Forksville,PA,1794,Point(-76.605277777 41.492222222)
Forksville,PA,1794,Point(-76.60217 41.48702)
Fort Wayne,IN,1794,Point(-85.13915 41.08045)
Franklin,WV,1794,Point(-79.331666666 38.6475)
Gordonsville,VA,1794,Point(-78.1869 38.1347)
Hamilton,OH,1794,Point(-84.565 39.395833333)
Homer,NY,1794,Point(-76.178611111 42.636944444)
Jonesville,VA,1794,Point(-83.1164 36.6881)
Manlius,NY,1794,Point(-75.982777777 43.048055555)
Marksville,LA,1794,Point(-92.06583 31.12639)
Milford,NH,1794,Point(-71.648888888 42.835277777)
Newfield,ME,1794,Point(-70.846944444 43.648055555)
Newville,PA,1794,Point(-77.4019 40.1697)
Newville,PA,1794,Point(-77.3986 40.17314)
Richmond,VT,1794,Point(-72.9940131 44.3952163)
Salisbury,PA,1794,Point(-79.080833333 39.752777777)
Springfield,NH,1794,Point(-72.034166666 43.495277777)
Sterling,CT,1794,Point(-71.816388888 41.702222222)
Susquehanna Depot,PA,1794,Point(-75.6039 41.9447)
Tyre,NY,1794,Point(-76.8 42.983333333)
Varick,NY,1794,Point(-76.865 42.773888888)
Watsontown,PA,1794,Point(-76.863333333 41.085277777)
Westfield,NJ,1794,Point(-74.3434 40.6516)
Williamson,NY,1794,Point(-77.186388888 43.279722222)
Wilmot,NH,1794,Point(-71.913333333 43.450833333)
Au Sable,NY,1795,Point(-73.516666666 44.516666666)
Bellefonte,PA,1795,Point(-77.774722222 40.914722222)
Burgettstown,PA,1795,Point(-80.3911 40.3808)
Charleston,ME,1795,Point(-69.035277777 45.060833333)
Chatham,NY,1795,Point(-73.5764 42.4181)
Connoquenessing,PA,1795,Point(-80.01423 40.81784)
Connoquenessing,PA,1795,Point(-80.0136 40.8181)
Danbury,NH,1795,Point(-71.863333333 43.525833333)
Dansville,NY,1795,Point(-77.696111111 42.561944444)
DeRuyter,NY,1795,Point(-75.885 42.7589)
Erie,PA,1795,Point(-80.085213888 42.129561111)
Everett,PA,1795,Point(-78.3733 40.0142)
Fayette,ME,1795,Point(-70.03367 44.40896)
Greenville,OH,1795,Point(-84.6281 40.1025)
Jefferson,PA,1795,Point(-80.05895 39.93007)
Jefferson,PA,1795,Point(-80.0589 39.9303)
Junius,NY,1795,Point(-76.916666666 42.983333333)
Lewiston,ME,1795,Point(-70.215277777 44.100555555)
Marion,SC,1795,Point(-79.397222222 34.18)
Marion,NY,1795,Point(-77.189166666 43.143333333)
McKean,PA,1795,Point(-80.14528 41.99889)
McKeesport,PA,1795,Point(-79.845005555 40.341877777)
Newport,KY,1795,Point(-84.4903 39.0886)
Petersburg,PA,1795,Point(-78.0481 40.5725)
Petersburg,PA,1795,Point(-78.04695 40.57257)
Plymouth,CT,1795,Point(-73.052777777 41.671944444)
Poland,ME,1795,Point(-70.393611111 44.060555555)
Sevierville,TN,1795,Point(-83.57 35.8775)
Sharon,PA,1795,Point(-80.5 41.2333)
Somerset,PA,1795,Point(-79.0814 40.0069)
Stark,NH,1795,Point(-71.42453 44.60144)
Stark,NH,1795,Point(-71.409166666 44.601388888)
Steubenville,OH,1795,Point(-80.631111111 40.365277777)
Stewartstown,NH,1795,Point(-71.507777777 45.006111111)
Stony Creek,NY,1795,Point(-73.961666666 43.426666666)
Sylvania,PA,1795,Point(-76.8569 41.80507)
Sylvania,PA,1795,Point(-76.8553 41.8056)
Taos,NM,1795,Point(-105.573277777 36.40725)
Tully,NY,1795,Point(-76.1064 42.7975)
Warren,PA,1795,Point(-79.1425 41.8442)
Waterford,PA,1795,Point(-79.9845 41.94283)
Waterford,PA,1795,Point(-79.9839 41.9436)
West Middletown,PA,1795,Point(-80.4242 40.2403)
Alton,NH,1796,Point(-71.219722222 43.454166666)
Asheboro,NC,1796,Point(-79.813055555 35.715277777)
Barkeyville,PA,1796,Point(-79.9828 41.2003)
Barkeyville,PA,1796,Point(-79.97561 41.192)
Belgrade,ME,1796,Point(-69.8325 44.447222222)
Bellevue,PA,1796,Point(-80.0536 40.4939)
Bellevue,PA,1796,Point(-80.05172 40.49396)
Brookville,PA,1796,Point(-79.0803 41.1597)
Canton,PA,1796,Point(-76.853333333 41.656388888)
Canton,PA,1796,Point(-76.8508 41.6558)
Centerville,OH,1796,Point(-84.1481 39.6386)
Chateaugay,NY,1796,Point(-74.0742 44.9225)
Cleveland,OH,1796,Point(-81.669722222 41.482222222)
Colebrook,NH,1796,Point(-71.495833333 44.894444444)
Concord,NC,1796,Point(-80.6006 35.4044)
Conneaut Lake,PA,1796,Point(-80.30534 41.60339)
Constableville,NY,1796,Point(-75.4258 43.5647)
Corning,NY,1796,Point(-77.056944444 42.148055555)
Dansville,NY,1796,Point(-77.665555555 42.476944444)
Dayton,OH,1796,Point(-84.2 39.766666666)
Denton,MD,1796,Point(-75.826666666 38.883888888)
Donegal,PA,1796,Point(-79.3819 40.1117)
East Liverpool,OH,1796,Point(-80.5692 40.6286)
Ebensburg,PA,1796,Point(-78.7256 40.4864)
Elizabeth,WV,1796,Point(-81.395555555 39.062777777)
Euclid,OH,1796,Point(-81.519166666 41.595555555)
"Fallston, Pennsylvania",PA,1796,Point(-80.31562 40.72562)
"Fallston, Pennsylvania",PA,1796,Point(-80.31 40.7197)
Franklin,OH,1796,Point(-84.3017 39.5614)
Freeburg,PA,1796,Point(-76.93942 40.76314)
Freeburg,PA,1796,Point(-76.9375 40.763888888)
Freeport,PA,1796,Point(-79.68477 40.67395)
Freeport,PA,1796,Point(-79.6864 40.6744)
Glenfield,PA,1796,Point(-80.13034 40.51812)
Glenfield,PA,1796,Point(-80.131944444 40.519166666)
Hague,NY,1796,Point(-73.521111111 43.735555555)
Harlan,KY,1796,Point(-83.32 36.8414)
Hermitage,PA,1796,Point(-80.4606 41.2325)
Hopkinsville,KY,1796,Point(-87.48861 36.85444)
Hulmeville,PA,1796,Point(-74.911 40.14317)
Hulmeville,PA,1796,Point(-74.9072 40.1433)
Jefferson,NH,1796,Point(-71.474444444 44.418888888)
Kirtland,OH,1796,Point(-81.3447 41.6025)
Milford,PA,1796,Point(-74.802777777 41.324166666)
Montgomery,OH,1796,Point(-84.3475 39.2472)
New Baltimore,MI,1796,Point(-82.736944444 42.681111111)
Orwigsburg,PA,1796,Point(-76.1019 40.6567)
Orwigsburg,PA,1796,Point(-76.10077 40.65481)
Oswego,NY,1796,Point(-76.506666666 43.454722222)
Rome,PA,1796,Point(-76.3417 41.8569)
Rome,PA,1796,Point(-76.34077 41.85841)
Roxbury,CT,1796,Point(-73.3025 41.551944444)
Sandersville,GA,1796,Point(-82.809722222 32.981944444)
Snydertown,PA,1796,Point(-76.6706 40.8733)
Snydertown,PA,1796,Point(-76.67056 40.87333)
Snydertown,PA,1796,Point(-76.66579 40.88009)
South Boston,VA,1796,Point(-78.9033 36.7078)
South Boston,VA,1796,Point(-78.9014 36.69875)
Sugarcreek,PA,1796,Point(-79.881111111 41.421388888)
Sugarcreek,PA,1796,Point(-79.8189 41.4211)
Titusville,PA,1796,Point(-79.67336727 41.627086966)
Trenton,KY,1796,Point(-87.2611 36.7233)
Waltham,VT,1796,Point(-73.2345168 44.1316406)
Wampum,PA,1796,Point(-80.33812 40.88812)
Wampum,PA,1796,Point(-80.3397 40.8886)
Waynesburg,PA,1796,Point(-80.1856 39.8975)
Williamsburg,OH,1796,Point(-84.0536 39.0547)
Wolcott,CT,1796,Point(-72.98677 41.60232)
Wolcott,CT,1796,Point(-72.975 41.601111111)
Youngstown,OH,1796,Point(-80.649166666 41.096388888)
Youngstown,NY,1796,Point(-79.0425 43.248888888)
Youngsville,PA,1796,Point(-79.31866 41.85228)
Youngsville,PA,1796,Point(-79.3186 41.8533)
Albion,PA,1797,Point(-80.36645 41.89061)
Albion,PA,1797,Point(-80.361666666 41.891111111)
Arkport,NY,1797,Point(-77.6961 42.3933)
Asheville,NC,1797,Point(-82.555833333 35.58)
Athens,OH,1797,Point(-82.101111111 39.329166666)
Batavia,OH,1797,Point(-84.1792 39.0772)
Birmingham,PA,1797,Point(-78.1953 40.6472)
Bloomsburg,PA,1797,Point(-76.458055555 41.0025)
Cassville,PA,1797,Point(-78.0278 40.2931)
Cassville,PA,1797,Point(-78.02695 40.29313)
Columbia,NH,1797,Point(-71.514166666 44.877777777)
Cooperstown,PA,1797,Point(-79.8739 41.4997)
Cooperstown,PA,1797,Point(-79.87033 41.49867)
Covert,NY,1797,Point(-76.683611111 42.575277777)
Eastlake,OH,1797,Point(-81.4353 41.6611)
Elizabethtown,KY,1797,Point(-85.866666666 37.7)
Henderson,KY,1797,Point(-87.5808 37.8356)
Holland Patent,NY,1797,Point(-75.2569 43.2419)
Hookstown,PA,1797,Point(-80.4742 40.5989)
Hookstown,PA,1797,Point(-80.47284 40.59923)
Jeffersontown,KY,1797,Point(-85.5736 38.2061)
Lancaster,KY,1797,Point(-84.5794 37.6186)
Le Roy,NY,1797,Point(-77.9922 42.9775)
Lowville,NY,1797,Point(-75.4878 43.7867)
Lowville,NY,1797,Point(-75.492222222 43.786666666)
Manheim,NY,1797,Point(-74.8 43.066666666)
Mentor,OH,1797,Point(-81.341944444 41.691111111)
Miamisburg,OH,1797,Point(-84.275277777 39.638611111)
Millheim,PA,1797,Point(-77.47666 40.8909)
Millheim,PA,1797,Point(-77.475833333 40.891111111)
Mount Pleasant,PA,1797,Point(-79.5425 40.1497)
Mount Pleasant,PA,1797,Point(-79.54115 40.14896)
Muncy,PA,1797,Point(-76.7864 41.2019)
Muncy,PA,1797,Point(-76.78552 41.20564)
New Windsor,MD,1797,Point(-77.1042 39.5433)
Nolensville,TN,1797,Point(-86.666944444 35.956666666)
Norway,ME,1797,Point(-70.538333333 44.211666666)
Oceana,WV,1797,Point(-81.634444444 37.693055555)
Owensboro,KY,1797,Point(-87.11839 37.757748)
Parker,PA,1797,Point(-79.6828 41.0942)
"Philipsburg, Centre County",PA,1797,Point(-78.22057 40.89645)
"Philipsburg, Centre County",PA,1797,Point(-78.219166666 40.895)
"Philipsburg, Centre County",PA,1797,Point(-78.21889 40.89722)
Port Byron,NY,1797,Point(-76.6333 43.0333)
Prospect,PA,1797,Point(-80.0464 40.9042)
Prospect,PA,1797,Point(-80.04645 40.90451)
Pulteney,NY,1797,Point(-77.167222222 42.525)
Sugar Grove,PA,1797,Point(-79.3417 41.9822)
Sugar Grove,PA,1797,Point(-79.33866 41.98256)
Vanceburg,KY,1797,Point(-83.3197 38.5958)
Waterford,ME,1797,Point(-70.7075 44.190833333)
Wellsville,OH,1797,Point(-80.65194 40.60417)
West Fairlee,VT,1797,Point(-72.2271123 43.9393034)
Zanesville,OH,1797,Point(-82.0122 39.9461)
Addison,PA,1798,Point(-79.3392 39.7473)
Addison,PA,1798,Point(-79.333055555 39.745277777)
Baldwinsville,NY,1798,Point(-76.3333 43.1667)
Barnwell,SC,1798,Point(-81.363333333 33.244444444)
Blacksburg,VA,1798,Point(-80.4178 37.23)
Bowling Green,KY,1798,Point(-86.444444444 36.981666666)
Bridgewater,PA,1798,Point(-80.30117 40.70534)
Bridgewater,PA,1798,Point(-80.2967 40.7039)
Burton,OH,1798,Point(-81.1469 41.4717)
Cambridge,OH,1798,Point(-81.586666666 40.025)
Canfield,OH,1798,Point(-80.765555555 41.029722222)
Dayton,ME,1798,Point(-70.579444444 43.542777777)
DeRuyter,NY,1798,Point(-75.88436 42.7584)
Delhi,NY,1798,Point(-74.925277777 42.274166666)
Eastport,ME,1798,Point(-67.003888888 44.913611111)
Factoryville,PA,1798,Point(-75.7814 41.5642)
Golconda,IL,1798,Point(-88.4874306 37.3621442)
Grove City,PA,1798,Point(-80.08867 41.15784)
Grove City,PA,1798,Point(-80.0869 41.1603)
Hollis,ME,1798,Point(-70.620833333 43.634722222)
Jamestown,PA,1798,Point(-80.43757 41.48478)
Jamestown,PA,1798,Point(-80.4383 41.4864)
Lincolnton,GA,1798,Point(-82.4764 33.7944)
Manton,MI,1798,Point(-85.398888888 44.410833333)
Masontown,PA,1798,Point(-79.90333 39.84611)
Masontown,PA,1798,Point(-79.89978 39.84674)
Old Forge,NY,1798,Point(-74.9746 43.7098)
Richmond,KY,1798,Point(-84.293611111 37.744722222)
Rutledge,TN,1798,Point(-83.518055555 36.28)
Shanksville,PA,1798,Point(-78.905833333 40.017222222)
Somerset,KY,1798,Point(-84.6094 37.0831)
South Amboy,NJ,1798,Point(-74.285 40.481388888)
Springfield,TN,1798,Point(-86.8786 36.4994)
Sumner,ME,1798,Point(-70.438333333 44.391944444)
Tioga,PA,1798,Point(-77.1331 41.9086)
Tioga,PA,1798,Point(-77.13303 41.90868)
Willoughby,OH,1798,Point(-81.4097 41.6458)
Windsor,NH,1798,Point(-72.025833333 43.1425)
Aurora,OH,1799,Point(-81.3558 41.3192)
Bethlehem,NH,1799,Point(-71.688055555 44.280277777)
Camillus,NY,1799,Point(-76.260833333 43.0425)
Conneaut,OH,1799,Point(-80.5667 41.95)
Coplay,PA,1799,Point(-75.49546 40.6701)
Coplay,PA,1799,Point(-75.4953 40.6706)
Curwensville,PA,1799,Point(-78.5239 40.9742)
Curwensville,PA,1799,Point(-78.52502 40.97561)
Dixmont,ME,1799,Point(-69.124722222 44.689722222)
Elizabethton,TN,1799,Point(-82.239166666 36.336388888)
Franklin,TN,1799,Point(-86.8575 35.929166666)
Glasgow,KY,1799,Point(-85.9203 37.0003)
Greensburg,PA,1799,Point(-79.542222222 40.297777777)
Greenville,KY,1799,Point(-87.176388888 37.207222222)
Haymarket,VA,1799,Point(-77.635 38.8128)
Hop Bottom,PA,1799,Point(-75.7663 41.70591)
Hop Bottom,PA,1799,Point(-75.7656 41.705)
Hudson,OH,1799,Point(-81.440784 41.2398397)
Jefferson,NC,1799,Point(-81.4689 36.42)
Lisbon,ME,1799,Point(-70.079722222 44.0225)
Monroe,NY,1799,Point(-74.187 41.324)
Mount Clemens,MI,1799,Point(-82.878055555 42.597222222)
Ravenna,OH,1799,Point(-81.243333333 41.158611111)
Rochester,PA,1799,Point(-80.2833 40.7031)
Roxbury,NY,1799,Point(-74.553055555 42.300555555)
Sitka,AK,1799,Point(-135.334722222 57.053333333)
Smithfield,PA,1799,Point(-79.8083 39.7997)
Smithfield,PA,1799,Point(-79.80783 39.80313)
Walworth,NY,1799,Point(-77.272222222 43.139166666)
West Chester,PA,1799,Point(-75.605 39.9586)
Avalon,PA,1800,Point(-80.0686 40.5011)
Beaver Dam,KY,1800,Point(-86.8778 37.4072)
Bethany,PA,1800,Point(-75.2886 41.6144)
Bethany,PA,1800,Point(-75.28434 41.61314)
Bridgeport,PA,1800,Point(-75.34518 40.10511)
Bridgeport,PA,1800,Point(-75.3431 40.1039)
Cameron,NY,1800,Point(-77.406388888 42.199166666)
Cedar Bluff,VA,1800,Point(-81.7647 37.0881)
Chapmanville,WV,1800,Point(-82.02 37.971666666)
Cherry Tree,PA,1800,Point(-78.8075 40.7264)
Cherry Tree,PA,1800,Point(-78.8067 40.72645)
Cochranton,PA,1800,Point(-80.0489 41.5194)
Cochranton,PA,1800,Point(-80.04839 41.52005)
Corydon,IN,1800,Point(-86.1253 38.2128)
Cranesville,PA,1800,Point(-80.3472 41.9033)
Elgin,PA,1800,Point(-79.7447 41.9019)
Elgin,PA,1800,Point(-79.74366 41.90311)
Fayette,NY,1800,Point(-76.866666666 42.85)
Holly Hill,FL,1800,Point(-81.046388888 29.243888888)
Holly Springs,NC,1800,Point(-78.8247 35.6544)
Horicon,NY,1800,Point(-73.735277777 43.705)
Hyndman,PA,1800,Point(-78.7214 39.8211)
Jersey Shore,PA,1800,Point(-77.2667 41.2025)
Lancaster,OH,1800,Point(-82.605293 39.719297)
Little Meadows,PA,1800,Point(-76.1336 41.9908)
Little Meadows,PA,1800,Point(-76.13076 41.99063)
Lovell,ME,1800,Point(-70.891666666 44.126666666)
Madisonville,LA,1800,Point(-90.15702 30.40436)
Magnolia Springs,AL,1800,Point(-87.776111111 30.399722222)
Middleburg,PA,1800,Point(-77.043333333 40.788055555)
Minisink,NY,1800,Point(-74.545833333 41.334166666)
Mount Penn,PA,1800,Point(-75.89076 40.32815)
Mount Penn,PA,1800,Point(-75.8906 40.3294)
New Alexandria,PA,1800,Point(-79.4236 40.3972)
New Alexandria,PA,1800,Point(-79.42198 40.39868)
New Buffalo,PA,1800,Point(-76.97 40.4542)
North East,PA,1800,Point(-79.8336 42.2133)
North East,PA,1800,Point(-79.83422 42.21561)
Oak Forest,IL,1800,Point(-87.7526514 41.6054669)
Oakland Park,FL,1800,Point(-80.144444444 26.176388888)
Painesville,OH,1800,Point(-81.249722222 41.722777777)
Poland,NY,1800,Point(-75.0614 43.2261)
Port Leyden,NY,1800,Point(-75.3442 43.5839)
Shrewsbury,PA,1800,Point(-76.6789 39.7672)
Springboro,PA,1800,Point(-80.3711 41.8)
Springboro,PA,1800,Point(-80.36895 41.80061)
Starrucca,PA,1800,Point(-75.4611 41.8994)
Tazewell,VA,1800,Point(-81.51955 37.11484)
Tidioute,PA,1800,Point(-79.4039 41.6844)
Tidioute,PA,1800,Point(-79.4031 41.68506)
Waterloo,NY,1800,Point(-76.8594 42.9036)
Watertown,NY,1800,Point(-75.9064 43.9756)
Whiteville,TN,1800,Point(-89.145833333 35.324444444)
Wilkesboro,NC,1800,Point(-81.1625 36.1425)
Wilton Manors,FL,1800,Point(-80.139444444 26.158611111)
Woodbury,PA,1800,Point(-78.3658 40.2253)
"York Springs, Pennsylvania",PA,1800,Point(-77.1142 40.0069)
Yorkana,PA,1800,Point(-76.585 39.9744)
Yorkana,PA,1800,Point(-76.58413 39.97649)
